productId,name,cleanName,imageUrl,categoryId,groupId,url,modifiedOn,imageCount,lowPrice,midPrice,highPrice,marketPrice,directLowPrice,subTypeName,extRarity,extNumber,extDescription,extColor,extCardType,extCost,extPower,extSubtypes,extCounterplus,extAttribute,extLife
628351,Carrying On His Will Booster Pack,Carrying On His Will Booster Pack,https://tcgplayer-cdn.tcgplayer.com/product/628351_200w.jpg,68,24303,https://cpt.tcgcsv.com/2m27,2025-11-07T05:10:16.337,1,10.0,12.23,30.0,11.58,,Normal,,,,,,,,,,,
628352,Carrying On His Will Booster Box,Carrying On His Will Booster Box,https://tcgplayer-cdn.tcgplayer.com/product/628352_200w.jpg,68,24303,https://cpt.tcgcsv.com/3m27,2025-11-07T05:10:16.337,1,420.0,627.88,4999.99,414.9,,Normal,,,,,,,,,,,
628353,Carrying On His Will Booster Box Case,Carrying On His Will Booster Box Case,https://tcgplayer-cdn.tcgplayer.com/product/628353_200w.jpg,68,24303,https://cpt.tcgcsv.com/5m27,2025-11-07T05:10:16.337,1,5499.97,7999.98,52525.0,5346.93,,Normal,,,,,,,,,,,
652643,Carrying On His Will Sleeved Booster Pack,Carrying On His Will Sleeved Booster Pack,https://tcgplayer-cdn.tcgplayer.com/product/652643_200w.jpg,68,24303,https://cpt.tcgcsv.com/T3f7,2025-11-07T15:25:17.11,1,15.0,21.44,149.99,16.86,,Normal,,,,,,,,,,,
654923,Portgas.D.Ace - EB02-028 (SP),PortgasDAce EB02 028 SP,https://tcgplayer-cdn.tcgplayer.com/product/654923_200w.jpg,68,24303,https://cpt.tcgcsv.com/t-f7,2025-11-07T05:10:16.337,1,105.0,141.26,700.0,129.55,,Foil,R,EB02-028,"[On Play] If your Leader's type includes ""Whitebeard Pirates"", look at 5 cards from the top of your deck; reveal up to 1 Character card with a cost of 2 and add it to your hand. Then, place the rest at the bottom of your deck in any order and play up to 1 Character card with a cost of 2 from your hand rested.",Blue,Character,5,5000,Alabasta;Whitebeard Pirates,1000,Special,
655081,Lilith - OP07-111 (SP),Lilith OP07 111 SP,https://tcgplayer-cdn.tcgplayer.com/product/655081_200w.jpg,68,24303,https://cpt.tcgcsv.com/F2g7,2025-11-07T05:10:16.337,1,60.0,71.99,200.0,64.36,,Foil,SR,OP07-111,"[On Play] Look at 5 cards from the top of your deck; reveal up to 1 [Egghead] type card other than [Lilith] and add it to your hand. Then, place the rest at the bottom of your deck in any order.
<br>
[Trigger] If your Leader is [Vegapunk], play this card.",Yellow,Character,3,5000,Scientist;Egghead,,Wisdom,
655082,Sabo - OP07-118 (SP),Sabo OP07 118 SP,https://tcgplayer-cdn.tcgplayer.com/product/655082_200w.jpg,68,24303,https://cpt.tcgcsv.com/G2g7,2025-11-07T05:10:16.337,1,59.99,80.0,275.0,73.73,,Foil,SEC,OP07-118,[On Play] <strong>You may trash 1 card from your hand</strong>: K.O. up to 1 of your opponent's Characters with a cost of 5 or less and up to 1 of your opponent's Characters with a cost of 3 or less.,Black,Character,8,9000,Revolutionary Army,,Special,
657250,Monkey.D.Luffy (001),MonkeyDLuffy 001,https://tcgplayer-cdn.tcgplayer.com/product/657250_200w.jpg,68,24303,https://cpt.tcgcsv.com/0Wg7,2025-11-07T05:10:16.337,1,0.01,0.21,10.0,0.15,,Normal,L,OP13-001,"[DON!! x1] [On Your Opponent's Attack] If you have 5 or less active DON!! cards, you may rest any number of your DON!! cards. For every DON!! card rested this way, this Leader or up to 1 of your ""Straw Hat Crew"" type Characters gains +2000 power during this battle.",Green;Red,Leader,,5000,Straw Hat Crew;Supernovas,,Strike,4
657251,Monkey.D.Luffy (001) (Alternate Art),MonkeyDLuffy 001 Alternate Art,https://tcgplayer-cdn.tcgplayer.com/product/657251_200w.jpg,68,24303,https://cpt.tcgcsv.com/2Wg7,2025-11-07T05:10:16.337,1,80.0,118.97,420.69,88.49,,Foil,L,OP13-001,"[DON!! x1] [On Your Opponent's Attack] If you have 5 or less active DON!! cards, you may rest any number of your DON!! cards. For every DON!! card rested this way, this Leader or up to 1 of your ""Straw Hat Crew"" type Characters gains +2000 power during this battle.",Green;Red,Leader,,5000,Straw Hat Crew;Supernovas,,Strike,4
657252,Portgas.D.Ace (002),PortgasDAce 002,https://tcgplayer-cdn.tcgplayer.com/product/657252_200w.jpg,68,24303,https://cpt.tcgcsv.com/3Wg7,2025-11-07T05:10:16.337,1,0.01,0.2,12.0,0.17,,Normal,L,OP13-002,"[On Your Opponent's Attack] [Once Per Turn] <strong>You may trash 1 card from your hand:</strong> Give up to 1 of your opponent's Leader or Character cards 2000 power during this battle.<br>
[DON!! x1] [Once Per Turn] When you take damage or your Character with 6000 base power or more is K.O.'d, draw 1 card.",Blue;Red,Leader,,6000,Whitebeard Pirates,,Special,3
657253,Portgas.D.Ace (002) (Alternate Art),PortgasDAce 002 Alternate Art,https://tcgplayer-cdn.tcgplayer.com/product/657253_200w.jpg,68,24303,https://cpt.tcgcsv.com/5Wg7,2025-11-07T05:10:16.337,1,29.0,37.57,240.0,31.29,,Foil,L,OP13-002,"[On Your Opponent's Attack] [Once Per Turn] <strong>You may trash 1 card from your hand:</strong> Give up to 1 of your opponent's Leader or Character cards 2000 power during this battle.<br>
[DON!! x1] [Once Per Turn] When you take damage or your Character with 6000 base power or more is K.O.'d, draw 1 card.",Blue;Red,Leader,,6000,Whitebeard Pirates,,Special,3
657254,Gol.D.Roger (003),GolDRoger 003,https://tcgplayer-cdn.tcgplayer.com/product/657254_200w.jpg,68,24303,https://cpt.tcgcsv.com/6Wg7,2025-11-07T05:10:16.337,1,0.04,0.19,5.0,0.17,,Normal,L,OP13-003,"If you have any DON!! cards on your field, 1 DON!! card placed during your DON!! Phase is given to your Leader.<br>
If you have 9 or less DON!! cards on your field, give this Leader 2000 power.",Purple;Red,Leader,,7000,Roger Pirates;King of the Pirates,,Slash,5
657255,Gol.D.Roger (003) (Alternate Art),GolDRoger 003 Alternate Art,https://tcgplayer-cdn.tcgplayer.com/product/657255_200w.jpg,68,24303,https://cpt.tcgcsv.com/7Wg7,2025-11-07T05:10:16.337,1,27.0,32.1,420.69,27.74,,Foil,L,OP13-003,"If you have any DON!! cards on your field, 1 DON!! card placed during your DON!! Phase is given to your Leader.<br>
If you have 9 or less DON!! cards on your field, give this Leader 2000 power.",Purple;Red,Leader,,7000,Roger Pirates;King of the Pirates,,Slash,5
657256,Sabo (004),Sabo 004,https://tcgplayer-cdn.tcgplayer.com/product/657256_200w.jpg,68,24303,https://cpt.tcgcsv.com/8Wg7,2025-11-07T05:10:16.337,1,0.01,0.19,5.0,0.15,,Normal,L,OP13-004,"If you have 4 or more Life cards, give this Leader 1000 power.<br>
[DON!! x1] If you have a Character with a cost of 8 or more, your Leader and all of your Characters gain +1000 power.",Red;Black,Leader,,5000,Revolutionary Army;Dressrosa,,Special,5
657257,Sabo (004) (Alternate Art),Sabo 004 Alternate Art,https://tcgplayer-cdn.tcgplayer.com/product/657257_200w.jpg,68,24303,https://cpt.tcgcsv.com/9Wg7,2025-11-07T05:10:16.337,1,14.0,19.0,108.89,14.93,,Foil,L,OP13-004,"If you have 4 or more Life cards, give this Leader 1000 power.<br>
[DON!! x1] If you have a Character with a cost of 8 or more, your Leader and all of your Characters gain +1000 power.",Red;Black,Leader,,5000,Revolutionary Army;Dressrosa,,Special,5
657258,Inazuma,Inazuma,https://tcgplayer-cdn.tcgplayer.com/product/657258_200w.jpg,68,24303,https://cpt.tcgcsv.com/bWg7,2025-11-07T05:10:16.337,1,0.01,0.15,3.0,0.08,,Normal,UC,OP13-005,[On Play] Give up to 1 rested DON!! card to your Leader.,Red,Character,4,5000,Revolutionary Army,2000,Slash,
657259,Woop Slap,Woop Slap,https://tcgplayer-cdn.tcgplayer.com/product/657259_200w.jpg,68,24303,https://cpt.tcgcsv.com/cWg7,2025-11-07T05:10:16.337,1,0.01,0.1,8.04,0.04,,Normal,C,OP13-006,[On Play] Give up to 2 rested DON!! cards to 1 of your [Monkey.D.Luffy] cards.,Red,Character,1,,Windmill Village,1000,Wisdom,
657260,Ace & Sabo & Luffy,Ace and Sabo and Luffy,https://tcgplayer-cdn.tcgplayer.com/product/657260_200w.jpg,68,24303,https://cpt.tcgcsv.com/dWg7,2025-11-07T05:10:16.337,1,1.89,3.22,50.0,2.24,,Foil,SR,OP13-007,[Activate: Main] <strong>You may give 1 of your active DON!! cards to 1 of your Leader or Character cards and trash this Character:</strong> Give up to 1 of your opponent's Characters 3000 power during this turn.,Red,Character,1,1000,Goa Kingdom,2000,Strike,
657261,Ace & Sabo & Luffy (Alternate Art),Ace and Sabo and Luffy Alternate Art,https://tcgplayer-cdn.tcgplayer.com/product/657261_200w.jpg,68,24303,https://cpt.tcgcsv.com/fWg7,2025-11-07T05:10:16.337,1,32.99,39.99,89.78,37.42,,Foil,SR,OP13-007,[Activate: Main] <strong>You may give 1 of your active DON!! cards to 1 of your Leader or Character cards and trash this Character:</strong> Give up to 1 of your opponent's Characters 3000 power during this turn.,Red,Character,1,1000,Goa Kingdom,2000,Strike,
657262,Emporio.Ivankov,EmporioIvankov,https://tcgplayer-cdn.tcgplayer.com/product/657262_200w.jpg,68,24303,https://cpt.tcgcsv.com/gWg7,2025-11-07T05:10:16.337,1,0.01,0.1,8.06,0.06,,Normal,C,OP13-008,"If your ""Revolutionary Army"" type Character would be K.O.'d by your opponent's effect, you may trash this Character instead.",Red,Character,2,3000,Revolutionary Army,1000,Special,
657263,Curly.Dadan,CurlyDadan,https://tcgplayer-cdn.tcgplayer.com/product/657263_200w.jpg,68,24303,https://cpt.tcgcsv.com/hWg7,2025-11-07T05:10:16.337,1,0.01,0.1,8.04,0.04,,Normal,C,OP13-009,"If you have a ""Mountain Bandits"" type Character other than this card, this Character gains [Double Attack].",Red,Character,1,2000,Mountain Bandits;Mountain Bandits,1000,Slash,
657264,Lord of the Coast,Lord of the Coast,https://tcgplayer-cdn.tcgplayer.com/product/657264_200w.jpg,68,24303,https://cpt.tcgcsv.com/jWg7,2025-11-07T05:10:16.337,1,0.01,0.12,8.04,0.04,,Normal,C,OP13-010,,Red,Character,6,8000,East Blue;Neptunian,1000,Strike,
657265,Nefeltari Cobra,Nefeltari Cobra,https://tcgplayer-cdn.tcgplayer.com/product/657265_200w.jpg,68,24303,https://cpt.tcgcsv.com/kWg7,2025-11-07T05:10:16.337,1,0.01,0.15,8.07,0.07,,Normal,UC,OP13-011,,Red,Character,5,6000,Alabasta,2000,Wisdom,
657266,Nefeltari Vivi,Nefeltari Vivi,https://tcgplayer-cdn.tcgplayer.com/product/657266_200w.jpg,68,24303,https://cpt.tcgcsv.com/lWg7,2025-11-07T05:10:16.337,1,0.02,0.25,5.0,0.23,,Foil,R,OP13-012,"[On Play] Look at 4 cards from the top of your deck; reveal up to 1 ""Alabasta"" or ""Straw Hat Crew"" type card with a cost of 2 or more and add it to your hand. Then, place the rest at the bottom of your deck in any order.",Red,Character,1,2000,Alabasta,1000,Wisdom,
657267,Higuma,Higuma,https://tcgplayer-cdn.tcgplayer.com/product/657267_200w.jpg,68,24303,https://cpt.tcgcsv.com/mWg7,2025-11-07T05:10:16.337,1,0.01,0.1,8.04,0.04,,Normal,C,OP13-013,[On Play] K.O. up to 1 of your opponent's Characters with 0 power or less.,Red,Character,1,3000,Mountain Bandits;Mountain Bandits,,Slash,
657268,Portgas.D.Rouge,PortgasDRouge,https://tcgplayer-cdn.tcgplayer.com/product/657268_200w.jpg,68,24303,https://cpt.tcgcsv.com/nWg7,2025-11-07T05:10:16.337,1,0.01,0.13,8.06,0.06,,Normal,C,OP13-014,[Trigger] Up to 1 of your [Portgas.D.Ace] cards gains +3000 power during this turn.,Red,Character,1,,Baterilla,2000,Wisdom,
657269,Makino,Makino,https://tcgplayer-cdn.tcgplayer.com/product/657269_200w.jpg,68,24303,https://cpt.tcgcsv.com/pWg7,2025-11-07T05:10:16.337,1,0.01,0.15,40.0,0.08,,Normal,UC,OP13-015,[Activate: Main] <strong>You may rest this Character:</strong> Up to 1 of your [Monkey.D.Luffy] cards gains +2000 power during this turn.,Red,Character,1,,Windmill Village,2000,Wisdom,
657270,Monkey.D.Garp,MonkeyDGarp,https://tcgplayer-cdn.tcgplayer.com/product/657270_200w.jpg,68,24303,https://cpt.tcgcsv.com/qWg7,2025-11-07T05:10:16.337,1,0.24,0.5,10.0,0.44,,Foil,R,OP13-016,"[On Play] If your Leader is [Sabo], [Portgas.D.Ace] or [Monkey.D.Luffy], look at 4 cards from the top of your deck; reveal up to 1 card with a cost of 3 or more and add it to your hand. Then, place the rest at the bottom of your deck in any order.",Red,Character,1,2000,Navy,1000,Strike,
657271,Monkey.D.Garp (Alternate Art),MonkeyDGarp Alternate Art,https://tcgplayer-cdn.tcgplayer.com/product/657271_200w.jpg,68,24303,https://cpt.tcgcsv.com/rWg7,2025-11-07T05:10:16.337,1,20.0,22.5,45.0,21.69,,Foil,R,OP13-016,"[On Play] If your Leader is [Sabo], [Portgas.D.Ace] or [Monkey.D.Luffy], look at 4 cards from the top of your deck; reveal up to 1 card with a cost of 3 or more and add it to your hand. Then, place the rest at the bottom of your deck in any order.",Red,Character,1,2000,Navy,1000,Strike,
657272,Monkey.D.Dragon,MonkeyDDragon,https://tcgplayer-cdn.tcgplayer.com/product/657272_200w.jpg,68,24303,https://cpt.tcgcsv.com/sWg7,2025-11-07T05:10:16.337,1,0.01,0.19,5.0,0.1,,Foil,R,OP13-017,"[Once Per Turn] If your ""Revolutionary Army"" type Character would be removed from the field by your opponent's effect, you may give this Character 2000 power during this turn instead.",Red,Character,6,7000,Revolutionary Army,1000,Special,
657273,Wapol,Wapol,https://tcgplayer-cdn.tcgplayer.com/product/657273_200w.jpg,68,24303,https://cpt.tcgcsv.com/tWg7,2025-11-07T05:10:16.337,1,0.01,0.12,8.07,0.07,,Normal,UC,OP13-018,,Red,Character,6,7000,Evil Black Drum Kingdom,2000,Strike,
657274,But Ace Here Said You Deserved It!!,But Ace Here Said You Deserved It,https://tcgplayer-cdn.tcgplayer.com/product/657274_200w.jpg,68,24303,https://cpt.tcgcsv.com/vWg7,2025-11-07T05:10:16.337,1,0.01,0.19,5.0,0.12,,Foil,R,OP13-019,"[Main] <strong>You may rest 4 of your DON!! cards:</strong> Give up to 1 of your opponent's Characters 3000 power during this turn. Then, K.O. up to 1 of your opponent's Characters with 3000 power or less.<br>
[Counter] Your Leader gains +3000 power during this battle.",Red,Event,1,,Revolutionary Army;Dressrosa,,,
657275,Meteor Fist,Meteor Fist,https://tcgplayer-cdn.tcgplayer.com/product/657275_200w.jpg,68,24303,https://cpt.tcgcsv.com/wWg7,2025-11-07T05:10:16.337,1,0.01,0.15,8.09,0.09,,Normal,UC,OP13-020,"[Main] Give up to 1 of your opponent's Characters 5000 power during this turn.<br>
[Trigger] Activate this card's [Main] effect.",Red,Event,3,,Navy,,,
657276,Gum-Gum Gatling Gun,Gum Gum Gatling Gun,https://tcgplayer-cdn.tcgplayer.com/product/657276_200w.jpg,68,24303,https://cpt.tcgcsv.com/xWg7,2025-11-07T05:10:16.337,1,0.01,0.11,8.07,0.07,,Normal,C,OP13-021,"[Main] Give up to 1 rested DON!! card to 1 of your [Monkey.D.Luffy] cards. Then, give up to 1 of your opponent's Characters 2000 power during this turn.<br>
[Trigger] Give up to 1 of your opponent's Characters 2000 power during this turn.",Red,Event,1,,Straw Hat Crew,,,
657277,Windmill Village,Windmill Village,https://tcgplayer-cdn.tcgplayer.com/product/657277_200w.jpg,68,24303,https://cpt.tcgcsv.com/zWg7,2025-11-07T05:10:16.337,1,0.01,0.1,8.06,0.06,,Normal,C,OP13-022,[Activate: Main] <strong>You may rest this Stage:</strong> Up to 1 of your Characters with 2000 base power or less gains +1000 power during this turn.,Red,Stage,1,,Windmill Village,,,
657278,Uta,Uta,https://tcgplayer-cdn.tcgplayer.com/product/657278_200w.jpg,68,24303,https://cpt.tcgcsv.com/BWg7,2025-11-07T05:10:16.337,1,0.05,0.5,99.9,0.46,,Foil,SR,OP13-023,"[On Play] Set up to 2 of your DON!! cards as active. Then, you cannot play Character cards with a base cost of 5 or more during this turn.<br>
[On K.O.] Play up to 1 Character card with a cost of 5 or less from your hand rested.",Green,Character,4,5000,FILM,1000,Special,
657279,Uta (Alternate Art),Uta Alternate Art,https://tcgplayer-cdn.tcgplayer.com/product/657279_200w.jpg,68,24303,https://cpt.tcgcsv.com/CWg7,2025-11-07T05:10:16.337,1,6.0,8.02,30.0,6.59,,Foil,SR,OP13-023,"[On Play] Set up to 2 of your DON!! cards as active. Then, you cannot play Character cards with a base cost of 5 or more during this turn.<br>
[On K.O.] Play up to 1 Character card with a cost of 5 or less from your hand rested.",Green,Character,4,5000,FILM,1000,Special,
657280,Gordon,Gordon,https://tcgplayer-cdn.tcgplayer.com/product/657280_200w.jpg,68,24303,https://cpt.tcgcsv.com/DWg7,2025-11-07T05:10:16.337,1,0.01,0.1,8.05,0.05,,Normal,C,OP13-024,"[On Play] <strong>You may reveal 1 ""Music"" or ""FILM"" type card from your hand:</strong> Set up to 2 of your DON!! cards as active at the end of this turn.",Green,Character,1,,FILM,2000,Wisdom,
657281,Koby,Koby,https://tcgplayer-cdn.tcgplayer.com/product/657281_200w.jpg,68,24303,https://cpt.tcgcsv.com/FWg7,2025-11-07T05:10:16.337,1,0.01,0.15,3.0,0.08,,Normal,C,OP13-025,"[Blocker] <em>(After your opponent declares an attack, you may rest this card to make it the new target of the attack.)</em><br>
[On Play] If your Leader has the ""FILM"" type or the ""Strike"" attribute, set up to 1 of your DON!! cards as active.",Green,Character,5,6000,FILM;Navy,1000,Strike,
657282,Sunny-Kun,Sunny Kun,https://tcgplayer-cdn.tcgplayer.com/product/657282_200w.jpg,68,24303,https://cpt.tcgcsv.com/GWg7,2025-11-07T05:10:16.337,1,0.01,0.12,8.12,0.07,,Normal,C,OP13-026,[Activate: Main] [Once Per Turn] <strong>You may rest 1 of your DON!! cards:</strong> This Character gains +2000 power until the end of your opponent's next turn.,Green,Character,1,2000,FILM;Straw Hat Crew,1000,Wisdom,
657283,Sanji,Sanji,https://tcgplayer-cdn.tcgplayer.com/product/657283_200w.jpg,68,24303,https://cpt.tcgcsv.com/HWg7,2025-11-07T05:10:16.337,1,0.04,0.25,5.0,0.2,,Foil,R,OP13-027,"[On Play] Set up to 2 of your DON!! cards as active.<br>
[End of Your Turn] If your Leader has the ""FILM"" or ""Straw Hat Crew"" type, set up to 1 of your DON!! cards as active.",Green,Character,5,7000,FILM;Straw Hat Crew,,Strike,
657284,Sanji (Alternate Art),Sanji Alternate Art,https://tcgplayer-cdn.tcgplayer.com/product/657284_200w.jpg,68,24303,https://cpt.tcgcsv.com/JWg7,2025-11-07T05:10:16.337,1,18.5,22.6,420.69,19.24,,Foil,R,OP13-027,"[On Play] Set up to 2 of your DON!! cards as active.<br>
[End of Your Turn] If your Leader has the ""FILM"" or ""Straw Hat Crew"" type, set up to 1 of your DON!! cards as active.",Green,Character,5,7000,FILM;Straw Hat Crew,,Strike,
657285,Shanks (028),Shanks 028,https://tcgplayer-cdn.tcgplayer.com/product/657285_200w.jpg,68,24303,https://cpt.tcgcsv.com/KWg7,2025-11-07T05:10:16.337,1,0.23,0.73,99.9,0.57,,Foil,SR,OP13-028,"[On Play] Set all of your DON!! cards as active. Then, you cannot play cards from your hand during this turn.",Green,Character,10,12000,FILM;The Four Emperors;Red-Haired Pirates,,Slash,
657286,Shanks (028) (Alternate Art),Shanks 028 Alternate Art,https://tcgplayer-cdn.tcgplayer.com/product/657286_200w.jpg,68,24303,https://cpt.tcgcsv.com/LWg7,2025-11-07T05:10:16.337,1,14.71,24.73,72.0,21.57,,Foil,SR,OP13-028,"[On Play] Set all of your DON!! cards as active. Then, you cannot play cards from your hand during this turn.",Green,Character,10,12000,FILM;The Four Emperors;Red-Haired Pirates,,Slash,
657287,Jinbe,Jinbe,https://tcgplayer-cdn.tcgplayer.com/product/657287_200w.jpg,68,24303,https://cpt.tcgcsv.com/MWg7,2025-11-07T05:10:16.337,1,0.01,0.15,3.0,0.06,,Normal,UC,OP13-029,,Green,Character,6,7000,FILM;Fish-Man;Straw Hat Crew,2000,Strike,
657288,Tony Tony.Chopper,Tony TonyChopper,https://tcgplayer-cdn.tcgplayer.com/product/657288_200w.jpg,68,24303,https://cpt.tcgcsv.com/NWg7,2025-11-07T05:10:16.337,1,0.01,0.16,5.0,0.15,,Normal,UC,OP13-030,[On Play] Set up to 2 of your DON!! cards as active.,Green,Character,5,6000,Animal;FILM;Straw Hat Crew,1000,Strike,
657289,Trafalgar Law,Trafalgar Law,https://tcgplayer-cdn.tcgplayer.com/product/657289_200w.jpg,68,24303,https://cpt.tcgcsv.com/PWg7,2025-11-07T05:10:16.337,1,0.49,1.2,50.0,1.14,,Foil,R,OP13-031,"If you have 1 or less Life cards, this Character gains [Blocker].<br>
[On Play] <strong>You may return 1 of your Characters to the owner's hand:</strong> Play up to 1 Character card with a cost of 5 or less from your hand rested.",Green,Character,6,6000,FILM;Heart Pirates;Supernovas,,Slash,
657290,Nico Robin,Nico Robin,https://tcgplayer-cdn.tcgplayer.com/product/657290_200w.jpg,68,24303,https://cpt.tcgcsv.com/QWg7,2025-11-07T05:10:16.337,1,0.01,0.17,5.0,0.14,,Normal,UC,OP13-032,[On Play] Up to 1 of your opponent's Characters with a cost of 8 or less cannot be rested until the end of your opponent's next End Phase.,Green,Character,7,7000,FILM;Straw Hat Crew,1000,Strike,
657291,Franky,Franky,https://tcgplayer-cdn.tcgplayer.com/product/657291_200w.jpg,68,24303,https://cpt.tcgcsv.com/RWg7,2025-11-07T05:10:16.337,1,0.01,0.12,8.06,0.06,,Normal,C,OP13-033,[On K.O.] Rest up to 2 of your opponent's cards.,Green,Character,3,5000,FILM;Straw Hat Crew,,Strike,
657292,Brook,Brook,https://tcgplayer-cdn.tcgplayer.com/product/657292_200w.jpg,68,24303,https://cpt.tcgcsv.com/SWg7,2025-11-07T05:10:16.337,1,0.01,0.14,8.06,0.06,,Normal,C,OP13-034,"[On Play] If your Leader has the ""FILM"" or ""Straw Hat Crew"" type, set up to 1 of your DON!! cards as active.",Green,Character,3,4000,FILM;Straw Hat Crew,1000,Slash,
657293,Bepo,Bepo,https://tcgplayer-cdn.tcgplayer.com/product/657293_200w.jpg,68,24303,https://cpt.tcgcsv.com/TWg7,2025-11-07T05:10:16.337,1,0.01,0.13,8.07,0.07,,Normal,C,OP13-035,[End of Your Turn] Set this Character or up to 1 of your DON!! cards as active.,Green,Character,5,7000,FILM;Heart Pirates;Minks,,Strike,
657294,Helmeppo,Helmeppo,https://tcgplayer-cdn.tcgplayer.com/product/657294_200w.jpg,68,24303,https://cpt.tcgcsv.com/VWg7,2025-11-07T05:10:16.337,1,0.01,0.15,8.05,0.05,,Normal,UC,OP13-036,,Green,Character,5,6000,FILM;Navy,2000,Slash,
657295,Roronoa Zoro,Roronoa Zoro,https://tcgplayer-cdn.tcgplayer.com/product/657295_200w.jpg,68,24303,https://cpt.tcgcsv.com/WWg7,2025-11-07T05:10:16.337,1,0.09,0.33,10.0,0.3,,Foil,R,OP13-037,"[On Play] If your Leader has the ""FILM"" or ""Straw Hat Crew"" type, set up to 2 of your DON!! cards as active.<br>
[End of Your Turn] Set this Character as active.",Green,Character,4,5000,FILM;Straw Hat Crew;Supernovas,1000,Slash,
657296,Gum-Gum Elephant Gun,Gum Gum Elephant Gun,https://tcgplayer-cdn.tcgplayer.com/product/657296_200w.jpg,68,24303,https://cpt.tcgcsv.com/XWg7,2025-11-07T05:10:16.337,1,0.01,0.15,3.0,0.08,,Normal,UC,OP13-038,"[Main] Rest up to 1 of your opponent's Characters with a cost of 5 or less. Then, set up to 2 of your DON!! cards as active at the end of this turn.<br>
[Trigger] Rest up to 1 of your opponent's Characters with a cost of 5 or less.",Green,Event,2,,Straw Hat Crew;Supernovas,,,
657297,Gum-Gum Snake Shot,Gum Gum Snake Shot,https://tcgplayer-cdn.tcgplayer.com/product/657297_200w.jpg,68,24303,https://cpt.tcgcsv.com/ZWg7,2025-11-07T05:10:16.337,1,0.01,0.11,8.06,0.06,,Normal,C,OP13-039,"[Counter] K.O. up to 1 of your opponent's rested Characters with a cost of 4 or less.<br>
[Trigger] Activate this card's [Counter] effect.",Green,Event,2,,Straw Hat Crew;Supernovas;Fish-Man Island,,,
657298,I Know You're Strong... So I'll Go All Out from the Very Start!!!,I Know Youre Strong So Ill Go All Out from the Very Start,https://tcgplayer-cdn.tcgplayer.com/product/657298_200w.jpg,68,24303,https://cpt.tcgcsv.com/-Wg7,2025-11-07T05:10:16.337,1,0.75,1.5,25.0,1.24,,Foil,R,OP13-040,"[Main] <strong>You may rest 2 of your DON!! cards:</strong> Up to 2 of your opponent's rested Characters with a cost of 7 or less will not become active in your opponent's next Refresh Phase.<br>
[Counter] Your Leader gains +3000 power during this battle.",Green,Event,1,,Straw Hat Crew;Supernovas,,,
657299,Izo,Izo,https://tcgplayer-cdn.tcgplayer.com/product/657299_200w.jpg,68,24303,https://cpt.tcgcsv.com/_Wg7,2025-11-07T05:10:16.337,1,0.01,0.15,8.09,0.08,,Normal,UC,OP13-041,[On Play] Draw 2 cards.,Blue,Character,6,6000,Land of Wano;Whitebeard Pirates,1000,Ranged,
657300,Edward.Newgate,EdwardNewgate,https://tcgplayer-cdn.tcgplayer.com/product/657300_200w.jpg,68,24303,https://cpt.tcgcsv.com/0Xg7,2025-11-07T05:10:16.337,1,0.64,1.75,50.0,0.88,,Foil,SR,OP13-042,"[Blocker]<br>
[On Play] Draw 2 cards and trash 1 card from your hand. Then, give your Leader and 1 Character up to 2 rested DON!! cards each.",Blue,Character,10,12000,The Four Emperors;Whitebeard Pirates,,Special,
657301,Edward.Newgate (Alternate Art),EdwardNewgate Alternate Art,https://tcgplayer-cdn.tcgplayer.com/product/657301_200w.jpg,68,24303,https://cpt.tcgcsv.com/2Xg7,2025-11-07T05:10:16.337,1,24.55,29.99,420.69,24.55,,Foil,SR,OP13-042,"[Blocker]<br>
[On Play] Draw 2 cards and trash 1 card from your hand. Then, give your Leader and 1 Character up to 2 rested DON!! cards each.",Blue,Character,10,12000,The Four Emperors;Whitebeard Pirates,,Special,
657302,Otama,Otama,https://tcgplayer-cdn.tcgplayer.com/product/657302_200w.jpg,68,24303,https://cpt.tcgcsv.com/3Xg7,2025-11-07T05:10:16.337,1,0.02,0.27,5.0,0.17,,Foil,R,OP13-043,"[On Play] If you have 3 or less Life cards, draw 2 cards and trash 1 card from your hand.",Blue,Character,1,,Land of Wano,2000,Special,
657303,Curiel,Curiel,https://tcgplayer-cdn.tcgplayer.com/product/657303_200w.jpg,68,24303,https://cpt.tcgcsv.com/5Xg7,2025-11-07T05:10:16.337,1,0.01,0.1,8.03,0.03,,Normal,C,OP13-044,"[When Attacking] Give up to 1 rested DON!! card to your Leader with a type including ""Whitebeard Pirates"" or 1 Character with a type including ""Whitebeard Pirates"".<br>
[On K.O.] Draw 1 card.",Blue,Character,3,4000,Whitebeard Pirates,,Ranged,
657304,Haruta,Haruta,https://tcgplayer-cdn.tcgplayer.com/product/657304_200w.jpg,68,24303,https://cpt.tcgcsv.com/6Xg7,2025-11-07T05:10:16.337,1,0.01,0.1,8.03,0.03,,Normal,C,OP13-045,"[When Attacking] If you have 4 or less cards in your hand, draw 1 card.",Blue,Character,1,2000,Whitebeard Pirates,1000,Slash,
657305,Vista,Vista,https://tcgplayer-cdn.tcgplayer.com/product/657305_200w.jpg,68,24303,https://cpt.tcgcsv.com/7Xg7,2025-11-07T05:10:16.337,1,0.01,0.2,5.0,0.14,,Foil,R,OP13-046,"[Double Attack]<br>
[Once Per Turn] If this Character would be K.O.'d or would be removed from the field by your opponent's effect, you may trash 1 card with a type including ""Whitebeard Pirates"" from your hand instead.",Blue,Character,6,8000,Whitebeard Pirates,,Slash,
657306,Fossa,Fossa,https://tcgplayer-cdn.tcgplayer.com/product/657306_200w.jpg,68,24303,https://cpt.tcgcsv.com/8Xg7,2025-11-07T05:10:16.337,1,0.01,0.12,8.03,0.03,,Normal,C,OP13-047,"If your Character with a type including ""Whitebeard Pirates"" would be K.O.'d by your opponent's effect, you may trash this Character instead.",Blue,Character,2,3000,Whitebeard Pirates,1000,Slash,
657307,Blamenco,Blamenco,https://tcgplayer-cdn.tcgplayer.com/product/657307_200w.jpg,68,24303,https://cpt.tcgcsv.com/9Xg7,2025-11-07T05:10:16.337,1,0.01,0.15,8.04,0.04,,Normal,UC,OP13-048,,Blue,Character,5,6000,Whitebeard Pirates,2000,Strike,
657308,Blenheim,Blenheim,https://tcgplayer-cdn.tcgplayer.com/product/657308_200w.jpg,68,24303,https://cpt.tcgcsv.com/bXg7,2025-11-07T05:10:16.337,1,0.01,0.14,8.05,0.05,,Normal,UC,OP13-049,,Blue,Character,6,7000,Whitebeard Pirates,2000,Slash,
657309,Boa Sandersonia,Boa Sandersonia,https://tcgplayer-cdn.tcgplayer.com/product/657309_200w.jpg,68,24303,https://cpt.tcgcsv.com/cXg7,2025-11-07T05:10:16.337,1,0.01,0.14,20.07,0.05,,Normal,C,OP13-050,"[On Play] If your Leader is [Boa Hancock], play up to 1 [Boa Hancock] with a cost of 3 or less from your hand.",Blue,Character,2,3000,Kuja Pirates,1000,Strike,
657310,Boa Hancock,Boa Hancock,https://tcgplayer-cdn.tcgplayer.com/product/657310_200w.jpg,68,24303,https://cpt.tcgcsv.com/dXg7,2025-11-07T05:10:16.337,1,0.01,0.24,10.0,0.19,,Foil,R,OP13-051,"[On K.O.] If your Leader is [Boa Hancock] or multicolored, draw 2 cards.",Blue,Character,3,5000,Kuja Pirates;The Seven Warlords of the Sea,,Special,
657311,Boa Hancock (Alternate Art),Boa Hancock Alternate Art,https://tcgplayer-cdn.tcgplayer.com/product/657311_200w.jpg,68,24303,https://cpt.tcgcsv.com/fXg7,2025-11-07T05:10:16.337,1,17.3,25.0,151.0,18.2,,Foil,R,OP13-051,"[On K.O.] If your Leader is [Boa Hancock] or multicolored, draw 2 cards.",Blue,Character,3,5000,Kuja Pirates;The Seven Warlords of the Sea,,Special,
657312,Boa Marigold,Boa Marigold,https://tcgplayer-cdn.tcgplayer.com/product/657312_200w.jpg,68,24303,https://cpt.tcgcsv.com/gXg7,2025-11-07T05:10:16.337,1,0.02,0.15,3.0,0.12,,Normal,UC,OP13-052,"[Blocker]<br>
[On Play] If your Leader is [Boa Hancock], play up to 1 [Boa Hancock] with a cost of 6 or less from your hand.",Blue,Character,5,4000,Kuja Pirates,1000,Slash,
657313,Marshall.D.Teach,MarshallDTeach,https://tcgplayer-cdn.tcgplayer.com/product/657313_200w.jpg,68,24303,https://cpt.tcgcsv.com/hXg7,2025-11-07T05:10:16.337,1,0.01,0.1,8.04,0.04,,Normal,C,OP13-053,"[When Attacking] <strong>You may trash 1 of your Characters with a type including ""Whitebeard Pirates"":</strong> Draw 1 card and this Character gains [Banish] during this turn.",Blue,Character,4,5000,Whitebeard Pirates,1000,Strike,
657314,Yamato,Yamato,https://tcgplayer-cdn.tcgplayer.com/product/657314_200w.jpg,68,24303,https://cpt.tcgcsv.com/jXg7,2025-11-07T05:10:16.337,1,0.1,0.65,99.9,0.36,,Foil,SR,OP13-054,"[On Play] If you have 3 or less Life cards, draw 2 cards. Then, give up to 1 rested DON!! card to your Leader.",Blue,Character,5,6000,Land of Wano,1000,Strike,
657315,Yamato (Alternate Art),Yamato Alternate Art,https://tcgplayer-cdn.tcgplayer.com/product/657315_200w.jpg,68,24303,https://cpt.tcgcsv.com/kXg7,2025-11-07T05:10:16.337,1,17.0,20.99,50.0,17.96,,Foil,SR,OP13-054,"[On Play] If you have 3 or less Life cards, draw 2 cards. Then, give up to 1 rested DON!! card to your Leader.",Blue,Character,5,6000,Land of Wano,1000,Strike,
657316,Rakuyo,Rakuyo,https://tcgplayer-cdn.tcgplayer.com/product/657316_200w.jpg,68,24303,https://cpt.tcgcsv.com/lXg7,2025-11-07T05:10:16.337,1,0.01,0.1,8.04,0.04,,Normal,C,OP13-055,"[When Attacking] If you have 4 or less cards in your hand, all of your Characters with a type including ""Whitebeard Pirates"" gain +1000 power during this turn.",Blue,Character,3,4000,Whitebeard Pirates,1000,Strike,
657317,LittleOars Jr.,LittleOars Jr,https://tcgplayer-cdn.tcgplayer.com/product/657317_200w.jpg,68,24303,https://cpt.tcgcsv.com/mXg7,2025-11-07T05:10:16.337,1,0.01,0.1,8.04,0.04,,Normal,C,OP13-056,"[When Attacking] If your Leader's type includes ""Whitebeard Pirates"", draw 1 card.",Blue,Character,7,7000,Giant;Whitebeard Pirates Allies,1000,Strike,
657318,"If I Bowed Down to Power, What's the Point in Living?",If I Bowed Down to Power Whats the Point in Living,https://tcgplayer-cdn.tcgplayer.com/product/657318_200w.jpg,68,24303,https://cpt.tcgcsv.com/nXg7,2025-11-07T05:10:16.337,1,0.01,0.2,5.0,0.12,,Foil,R,OP13-057,"[Main] <strong>You may rest 1 of your DON!! cards:</strong> If you have 1 or less Life cards, your opponent cannot activate [Blocker] whenever your Leader attacks during this turn.<br>
[Counter] Your Leader gains +3000 power during this battle.",Blue,Event,1,,Whitebeard Pirates,,,
657319,Phoenix Pyreapple,Phoenix Pyreapple,https://tcgplayer-cdn.tcgplayer.com/product/657319_200w.jpg,68,24303,https://cpt.tcgcsv.com/pXg7,2025-11-07T05:10:16.337,1,0.01,0.15,8.09,0.09,,Normal,UC,OP13-058,"[Main] <strong>You may rest 1 of your DON!! cards:</strong> Place up to 1 of your opponent's Characters with 3000 power or less at the bottom of the owner's deck.<br>
[Counter] Your Leader gains +3000 power during this battle.",Blue,Event,1,,Former Whitebeard Pirates,,,
657320,Brilliant Punk,Brilliant Punk,https://tcgplayer-cdn.tcgplayer.com/product/657320_200w.jpg,68,24303,https://cpt.tcgcsv.com/qXg7,2025-11-07T05:10:16.337,1,0.01,0.1,8.03,0.03,,Normal,C,OP13-059,[Main] <strong>You may return 1 of your Characters to the owner's hand:</strong> Return up to 1 Character with a cost of 6 or less to the owner's hand.,Blue,Event,4,,Whitebeard Pirates,,,
657321,Amatsuki Toki,Amatsuki Toki,https://tcgplayer-cdn.tcgplayer.com/product/657321_200w.jpg,68,24303,https://cpt.tcgcsv.com/rXg7,2025-11-07T05:10:16.337,1,0.01,0.12,8.07,0.07,,Normal,C,OP13-060,"If your Character with a type including ""Roger Pirates"" would be K.O.'d by your opponent's effect, you may trash this Character instead.",Purple,Character,2,3000,Land of Wano;Roger Pirates,1000,Wisdom,
657322,Inuarashi,Inuarashi,https://tcgplayer-cdn.tcgplayer.com/product/657322_200w.jpg,68,24303,https://cpt.tcgcsv.com/sXg7,2025-11-07T05:10:16.337,1,0.01,0.15,3.0,0.06,,Normal,C,OP13-061,"[On Play] If you have any DON!! cards given, add up to 1 DON!! card from your DON!! deck and rest it. Then, K.O. up to 1 of your opponent's Characters with a cost of 1 or less.",Purple,Character,3,3000,Minks;Roger Pirates,1000,Slash,
657323,Crocus,Crocus,https://tcgplayer-cdn.tcgplayer.com/product/657323_200w.jpg,68,24303,https://cpt.tcgcsv.com/tXg7,2025-11-07T05:10:16.337,1,0.01,0.15,8.05,0.05,,Normal,UC,OP13-062,"[On Play] If you have any DON!! cards given, add up to 1 DON!! card from your DON!! deck and set it as active.<br>
[When Attacking] Return up to 1 of your opponent's Characters with a base power of 3000 or less to the owner's hand.",Purple,Character,5,6000,Roger Pirates,1000,Wisdom,
657324,Kouzuki Oden,Kouzuki Oden,https://tcgplayer-cdn.tcgplayer.com/product/657324_200w.jpg,68,24303,https://cpt.tcgcsv.com/vXg7,2025-11-07T05:10:16.337,1,0.01,0.16,3.0,0.15,,Normal,UC,OP13-063,"[Blocker] <em>(After your opponent declares an attack, you may rest this card to make it the new target of the attack.)</em><br>
[On Play] If you have any DON!! cards given, add up to 1 DON!! card from your DON!! deck and rest it.",Purple,Character,5,6000,Land of Wano;Kouzuki Clan;Roger Pirates,1000,Slash,
657325,Gol.D.Roger (064),GolDRoger 064,https://tcgplayer-cdn.tcgplayer.com/product/657325_200w.jpg,68,24303,https://cpt.tcgcsv.com/wXg7,2025-11-07T05:10:16.337,1,0.04,0.4,20.0,0.27,,Foil,SR,OP13-064,"Your Leader and all of your Characters that do not have a type including ""Roger Pirates"" have their effects negated.<br>
[On Play] <strong>DON!! 3:</strong> Your Leader gains +2000 power until the end of your opponent's next End Phase. Then, give all of your opponent's Characters -2000 power until the end of your opponent's next End Phase.",Purple,Character,10,13000,Roger Pirates;King of the Pirates,,Slash,
657326,Gol.D.Roger (064) (Alternate Art),GolDRoger 064 Alternate Art,https://tcgplayer-cdn.tcgplayer.com/product/657326_200w.jpg,68,24303,https://cpt.tcgcsv.com/xXg7,2025-11-07T05:10:16.337,1,15.17,19.25,74.99,16.71,,Foil,SR,OP13-064,"Your Leader and all of your Characters that do not have a type including ""Roger Pirates"" have their effects negated.<br>
[On Play] <strong>DON!! 3:</strong> Your Leader gains +2000 power until the end of your opponent's next End Phase. Then, give all of your opponent's Characters 2000 power until the end of your opponent's next End Phase.",Purple,Character,10,13000,Roger Pirates;King of the Pirates,,Slash,
657327,Shanks (065),Shanks 065,https://tcgplayer-cdn.tcgplayer.com/product/657327_200w.jpg,68,24303,https://cpt.tcgcsv.com/zXg7,2025-11-07T05:10:16.337,1,0.01,0.2,5.0,0.15,,Foil,R,OP13-065,"[On Play] Look at 5 cards from the top of your deck; reveal up to 1 card with a type including ""Roger Pirates"" other than [Shanks] and add it to your hand. Then, place the rest at the bottom of your deck in any order.",Purple,Character,1,2000,Roger Pirates,1000,Slash,
657328,Shanks (065) (Alternate Art),Shanks 065 Alternate Art,https://tcgplayer-cdn.tcgplayer.com/product/657328_200w.jpg,68,24303,https://cpt.tcgcsv.com/BXg7,2025-11-07T05:10:16.337,1,9.0,13.0,87.8,9.63,,Foil,R,OP13-065,"[On Play] Look at 5 cards from the top of your deck; reveal up to 1 card with a type including ""Roger Pirates"" other than [Shanks] and add it to your hand. Then, place the rest at the bottom of your deck in any order.",Purple,Character,1,2000,Roger Pirates,1000,Slash,
657329,Silvers Rayleigh,Silvers Rayleigh,https://tcgplayer-cdn.tcgplayer.com/product/657329_200w.jpg,68,24303,https://cpt.tcgcsv.com/CXg7,2025-11-07T05:10:16.337,1,0.02,0.45,50.0,0.23,,Foil,SR,OP13-066,"[Rush]<br>
[On Play] If you have any DON!! cards given, rest up to 1 of your opponent's Characters with a cost of 5 or less. Then, add up to 1 DON!! card from your DON!! deck and set it as active at the end of this turn.",Purple,Character,8,9000,Roger Pirates,,Slash,
657330,Silvers Rayleigh (Alternate Art),Silvers Rayleigh Alternate Art,https://tcgplayer-cdn.tcgplayer.com/product/657330_200w.jpg,68,24303,https://cpt.tcgcsv.com/DXg7,2025-11-07T05:10:16.337,1,3.97,5.79,48.0,4.49,,Foil,SR,OP13-066,"[Rush]<br>
[On Play] If you have any DON!! cards given, rest up to 1 of your opponent's Characters with a cost of 5 or less. Then, add up to 1 DON!! card from your DON!! deck and set it as active at the end of this turn.",Purple,Character,8,9000,Roger Pirates,,Slash,
657331,Scopper Gaban,Scopper Gaban,https://tcgplayer-cdn.tcgplayer.com/product/657331_200w.jpg,68,24303,https://cpt.tcgcsv.com/FXg7,2025-11-07T05:10:16.337,1,0.01,0.2,20.21,0.1,,Foil,R,OP13-067,"[On Play] If your Leader's type includes ""Roger Pirates"", draw 2 cards and trash 1 card from your hand. Then, add up to 1 DON!! card from your DON!! deck and rest it.",Purple,Character,6,7000,Roger Pirates,1000,Slash,
657332,Douglas Bullet,Douglas Bullet,https://tcgplayer-cdn.tcgplayer.com/product/657332_200w.jpg,68,24303,https://cpt.tcgcsv.com/GXg7,2025-11-07T05:10:16.337,1,0.01,0.15,3.0,0.07,,Normal,C,OP13-068,"If you have 8 or more DON!! cards on your field, this Character gains +2000 power.<br>
[On Play] If your Leader's type includes ""Roger Pirates"", add up to 1 DON!! card from your DON!! deck and rest it.",Purple,Character,3,4000,FILM;Former Roger Pirates,1000,Special,
657333,Tom,Tom,https://tcgplayer-cdn.tcgplayer.com/product/657333_200w.jpg,68,24303,https://cpt.tcgcsv.com/HXg7,2025-11-07T05:10:16.337,1,0.01,0.1,8.05,0.05,,Normal,C,OP13-069,[On Play] <strong>DON!! -1:</strong> Add up to 1 Stage card with a cost of 3 or less from your trash to your hand.,Purple,Character,2,2000,Fish-Man;Water Seven,1000,Wisdom,
657334,Napoleon,Napoleon,https://tcgplayer-cdn.tcgplayer.com/product/657334_200w.jpg,68,24303,https://cpt.tcgcsv.com/JXg7,2025-11-07T05:10:16.337,1,0.01,0.11,8.04,0.04,,Normal,C,OP13-070,,Purple,Character,5,7000,Big Mom Pirates;Homies,1000,Slash,
657335,Nekomamushi,Nekomamushi,https://tcgplayer-cdn.tcgplayer.com/product/657335_200w.jpg,68,24303,https://cpt.tcgcsv.com/KXg7,2025-11-07T05:10:16.337,1,0.01,0.15,3.0,0.1,,Normal,UC,OP13-071,"[On Play] If you have 8 or more DON!! cards on your field, K.O. up to 1 of your opponent's Characters with 3000 base power or less.",Purple,Character,3,3000,Minks;Roger Pirates,2000,Slash,
657336,Buggy,Buggy,https://tcgplayer-cdn.tcgplayer.com/product/657336_200w.jpg,68,24303,https://cpt.tcgcsv.com/LXg7,2025-11-07T05:10:16.337,1,0.05,0.23,5.0,0.12,,Foil,R,OP13-072,"[On Play] If your Leader's type includes ""Roger Pirates"" and you have any DON!! cards given, add up to 1 DON!! card from your DON!! deck and rest it.",Purple,Character,2,2000,Roger Pirates,2000,Slash,
657337,Prometheus,Prometheus,https://tcgplayer-cdn.tcgplayer.com/product/657337_200w.jpg,68,24303,https://cpt.tcgcsv.com/MXg7,2025-11-07T05:10:16.337,1,0.01,0.15,8.07,0.07,,Normal,UC,OP13-073,,Purple,Character,5,6000,Big Mom Pirates;Homies,2000,Special,
657338,Hera,Hera,https://tcgplayer-cdn.tcgplayer.com/product/657338_200w.jpg,68,24303,https://cpt.tcgcsv.com/NXg7,2025-11-07T05:10:16.337,1,0.01,0.1,8.04,0.04,,Normal,C,OP13-074,[On Play] Play up to 1 [Homies] type Character card with 3000 power or less from your hand.,Purple,Character,4,5000,Big Mom Pirates;Homies,1000,Special,
657339,Guess We'll Have Another Scrap. You Can Only Risk Death While You're Still Alive!!,Guess Well Have Another Scrap You Can Only Risk Death While Youre Still Alive,https://tcgplayer-cdn.tcgplayer.com/product/657339_200w.jpg,68,24303,https://cpt.tcgcsv.com/PXg7,2025-11-07T05:10:16.337,1,0.01,0.18,3.0,0.11,,Normal,UC,OP13-075,"[Main] <strong>You may rest 1 of your DON!! cards:</strong> If your Leader is [Gol.D.Roger] and you have any DON!! cards given, add up to 1 DON!! card from your DON!! deck and rest it.<br>
[Counter] Your Leader gains +3000 power during this battle.",Purple,Event,1,,Roger Pirates;King of the Pirates,,,
657340,Divine Departure,Divine Departure,https://tcgplayer-cdn.tcgplayer.com/product/657340_200w.jpg,68,24303,https://cpt.tcgcsv.com/QXg7,2025-11-07T05:10:16.337,1,0.47,1.2,25.0,0.77,,Foil,R,OP13-076,"[Main] <strong>You may rest 5 of your DON!! cards:</strong> If you have any DON!! cards given, give up to 1 of your opponent's Characters 8000 power during this turn.<br>
[Counter] <strong>You may trash 1 card from your hand:</strong> Up to 1 of your Leader or Character cards gains +3000 power during this battle.",Purple,Event,0,,Roger Pirates;King of the Pirates,,,
657341,Divine Departure (Alternate Art),Divine Departure Alternate Art,https://tcgplayer-cdn.tcgplayer.com/product/657341_200w.jpg,68,24303,https://cpt.tcgcsv.com/RXg7,2025-11-07T05:10:16.337,1,84.7,108.57,250.0,86.82,,Foil,R,OP13-076,"[Main] <strong>You may rest 5 of your DON!! cards:</strong> If you have any DON!! cards given, give up to 1 of your opponent's Characters 8000 power during this turn.<br>
[Counter] <strong>You may trash 1 card from your hand:</strong> Up to 1 of your Leader or Character cards gains +3000 power during this battle.",Purple,Event,0,,Roger Pirates;King of the Pirates,,,
657342,Go All the Way to the Top!!,Go All the Way to the Top,https://tcgplayer-cdn.tcgplayer.com/product/657342_200w.jpg,68,24303,https://cpt.tcgcsv.com/SXg7,2026-01-08T13:31:05.017,1,0.01,0.12,8.06,0.06,,Normal,C,OP13-077,"[Main] <strong>You may rest 3 of your DON!! cards:</strong> If you have any DON!! cards given, K.O. up to 1 of your opponent's Characters with 4000 base power or less and up to 1 of your opponent's Characters with 3000 base power or less.<br>
[Counter] Your Leader gains +3000 power during this turn.
<br><https://en.onepiece-cardgame.com/topics/notice_op13.php>This card has been officially errata'd.</a>",Purple,Event,1,,Former Roger Pirates,,,
657343,Oro Jackson,Oro Jackson,https://tcgplayer-cdn.tcgplayer.com/product/657343_200w.jpg,68,24303,https://cpt.tcgcsv.com/TXg7,2025-11-07T05:10:16.337,1,0.01,0.13,8.04,0.04,,Normal,C,OP13-078,"[Once Per Turn] When your Character with a type including ""Roger Pirates"" is removed from the field by your opponent's effect, add up to 1 DON!! card from your DON!! deck and rest it.",Purple,Stage,1,,Roger Pirates,,,
657344,Imu,Imu,https://tcgplayer-cdn.tcgplayer.com/product/657344_200w.jpg,68,24303,https://cpt.tcgcsv.com/VXg7,2025-11-07T05:10:16.337,1,0.05,0.22,5.0,0.2,,Normal,L,OP13-079,"Under the rules of this game, you cannot include Events with a cost of 2 or more in your deck and at the start of the game, play up to 1 [Mary Geoise] type Stage card from your deck.<br>
[Activate: Main] [Once Per Turn] <strong>You may trash 1 of your [Celestial Dragons] type Characters or 1 card from your hand:</strong> Draw 1 card.",Black,Leader,,5000,,,,4
657345,Imu (Alternate Art),Imu Alternate Art,https://tcgplayer-cdn.tcgplayer.com/product/657345_200w.jpg,68,24303,https://cpt.tcgcsv.com/WXg7,2025-11-07T05:10:16.337,1,21.89,28.0,145.0,23.16,,Foil,L,OP13-079,"Under the rules of this game, you cannot include Events with a cost of 2 or more in your deck and at the start of the game, play up to 1 [Mary Geoise] type Stage card from your deck.<br>
[Activate: Main] [Once Per Turn] <strong>You may trash 1 of your [Celestial Dragons] type Characters or 1 card from your hand:</strong> Draw 1 card.",Black,Leader,,5000,,,,4
657346,St. Ethanbaron V. Nusjuro,St Ethanbaron V Nusjuro,https://tcgplayer-cdn.tcgplayer.com/product/657346_200w.jpg,68,24303,https://cpt.tcgcsv.com/XXg7,2025-11-07T05:10:16.337,1,0.1,0.4,10.0,0.22,,Foil,R,OP13-080,"If you have 7 or more cards in your trash, this Character cannot be removed from the field by your opponent's effects and gains [Rush].<br>
[When Attacking] If you have 10 or more cards in your trash, give up to 1 of your opponent's Characters 2000 power during this turn.",Black,Character,6,5000,Celestial Dragons;Five Elders,1000,Slash,
657347,St. Ethanbaron V. Nusjuro (Alternate Art),St Ethanbaron V Nusjuro Alternate Art,https://tcgplayer-cdn.tcgplayer.com/product/657347_200w.jpg,68,24303,https://cpt.tcgcsv.com/ZXg7,2025-11-07T05:10:16.337,1,18.0,22.0,89.99,19.79,,Foil,R,OP13-080,"If you have 7 or more cards in your trash, this Character cannot be removed from the field by your opponent's effects and gains [Rush].<br>
[When Attacking] If you have 10 or more cards in your trash, give up to 1 of your opponent's Characters 2000 power during this turn.",Black,Character,6,5000,Celestial Dragons;Five Elders,1000,Slash,
657348,St. Ethanbaron V. Nusjuro (Parallel),St Ethanbaron V Nusjuro Parallel,https://tcgplayer-cdn.tcgplayer.com/product/657348_200w.jpg,68,24303,https://cpt.tcgcsv.com/-Xg7,2025-11-07T05:10:16.337,1,369.99,435.15,550.0,435.15,,Foil,R,OP13-080,"If you have 7 or more cards in your trash, this Character cannot be removed from the field by your opponent's effects and gains [Rush].<br>
[When Attacking] If you have 10 or more cards in your trash, give up to 1 of your opponent's Characters 2000 power during this turn.",Black,Character,6,5000,Celestial Dragons;Five Elders,1000,Slash,
657349,Koala,Koala,https://tcgplayer-cdn.tcgplayer.com/product/657349_200w.jpg,68,24303,https://cpt.tcgcsv.com/_Xg7,2025-11-07T05:10:16.337,1,0.01,0.12,20.09,0.07,,Normal,C,OP13-081,"If your Leader has the ""Revolutionary Army"" type, this Character gains +3 cost.<br>
[Activate: Main] [Once Per Turn] <strong>You may place 1 card from your trash at the bottom of your deck:</strong> Give up to 1 rested DON!! card to your Leader or 1 of your Characters.",Black,Character,5,6000,Revolutionary Army;Dressrosa,1000,Strike,
657350,Five Elders,Five Elders,https://tcgplayer-cdn.tcgplayer.com/product/657350_200w.jpg,68,24303,https://cpt.tcgcsv.com/0Zg7,2025-11-07T05:10:16.337,1,0.2,0.95,1075.0,0.4,,Foil,SR,OP13-082,"[Activate: Main] <strong>If your Leader is [Imu], you may rest 1 of your DON!! cards and trash 1 card from your hand:</strong> Trash all of your Characters and play up to 5 ""Five Elders"" type Character cards with 5000 power and different card names from your trash.",Black,Character,,12000,Celestial Dragons;Five Elders,,Slash;Special,
657351,Five Elders (Alternate Art),Five Elders Alternate Art,https://tcgplayer-cdn.tcgplayer.com/product/657351_200w.jpg,68,24303,https://cpt.tcgcsv.com/2Zg7,2025-11-07T05:10:16.337,1,21.0,26.99,69.99,22.22,,Foil,SR,OP13-082,"[Activate: Main] <strong>If your Leader is [Imu], you may rest 1 of your DON!! cards and trash 1 card from your hand:</strong> Trash all of your Characters and play up to 5 ""Five Elders"" type Character cards with 5000 power and different card names from your trash.",Black,Character,,12000,Celestial Dragons;Five Elders,,Slash;Special,
657352,St. Jaygarcia Saturn,St Jaygarcia Saturn,https://tcgplayer-cdn.tcgplayer.com/product/657352_200w.jpg,68,24303,https://cpt.tcgcsv.com/3Zg7,2025-11-07T05:10:16.337,1,0.09,0.38,10.0,0.19,,Foil,R,OP13-083,"If you have 7 or more cards in your trash, this Character cannot be removed from the field by your opponent's effects.<br>
[On Play] Look at 5 cards from the top of your deck; reveal up to 1 ""Five Elders"" type card and add it to your hand. Then, place the rest at the bottom of your deck in any order.",Black,Character,4,5000,Celestial Dragons;Five Elders,1000,Special,
657353,St. Jaygarcia Saturn (Alternate Art),St Jaygarcia Saturn Alternate Art,https://tcgplayer-cdn.tcgplayer.com/product/657353_200w.jpg,68,24303,https://cpt.tcgcsv.com/5Zg7,2025-11-07T05:10:16.337,1,16.69,20.25,75.0,18.43,,Foil,R,OP13-083,"If you have 7 or more cards in your trash, this Character cannot be removed from the field by your opponent's effects.<br>
[On Play] Look at 5 cards from the top of your deck; reveal up to 1 ""Five Elders"" type card and add it to your hand. Then, place the rest at the bottom of your deck in any order.",Black,Character,4,5000,Celestial Dragons;Five Elders,1000,Special,
657354,St. Jaygarcia Saturn (Parallel),St Jaygarcia Saturn Parallel,https://tcgplayer-cdn.tcgplayer.com/product/657354_200w.jpg,68,24303,https://cpt.tcgcsv.com/6Zg7,2025-11-07T05:10:16.337,1,379.9,474.99,569.99,407.9,,Foil,R,OP13-083,"If you have 7 or more cards in your trash, this Character cannot be removed from the field by your opponent's effects.<br>
[On Play] Look at 5 cards from the top of your deck; reveal up to 1 ""Five Elders"" type card and add it to your hand. Then, place the rest at the bottom of your deck in any order.",Black,Character,4,5000,Celestial Dragons;Five Elders,1000,Special,
657355,St. Shepherd Ju Peter,St Shepherd Ju Peter,https://tcgplayer-cdn.tcgplayer.com/product/657355_200w.jpg,68,24303,https://cpt.tcgcsv.com/7Zg7,2025-11-07T05:10:16.337,1,0.05,0.4,10.0,0.18,,Foil,R,OP13-084,"If you have 7 or more cards in your trash, this Character cannot be removed from the field by your opponent's effects.<br>
[On Play] Look at 5 cards from the top of your deck; reveal up to 1 ""Five Elders"" type card and add it to your hand. Then, place the rest at the bottom of your deck in any order.",Black,Character,7,5000,Celestial Dragons;Five Elders,2000,Special,
657356,St. Shepherd Ju Peter (Alternate Art),St Shepherd Ju Peter Alternate Art,https://tcgplayer-cdn.tcgplayer.com/product/657356_200w.jpg,68,24303,https://cpt.tcgcsv.com/8Zg7,2025-11-07T05:10:16.337,1,14.99,19.0,93.45,17.78,,Foil,R,OP13-084,"If you have 7 or more cards in your trash, this Character cannot be removed from the field by your opponent's effects.<br>
[Your Turn] If you have 10 or more cards in your trash, set the base power of all of your ""Five Elders"" type Characters to 7000.",Black,Character,7,5000,Celestial Dragons;Five Elders,2000,Special,
657357,St. Shepherd Ju Peter (Parallel),St Shepherd Ju Peter Parallel,https://tcgplayer-cdn.tcgplayer.com/product/657357_200w.jpg,68,24303,https://cpt.tcgcsv.com/9Zg7,2025-11-07T05:10:16.337,1,369.98,391.95,499.99,373.28,,Foil,R,OP13-084,"If you have 7 or more cards in your trash, this Character cannot be removed from the field by your opponent's effects.<br>
[Your Turn] If you have 10 or more cards in your trash, set the base power of all of your ""Five Elders"" type Characters to 7000.",Black,Character,7,5000,Celestial Dragons;Five Elders,2000,Special,
657358,Saint Jalmac,Saint Jalmac,https://tcgplayer-cdn.tcgplayer.com/product/657358_200w.jpg,68,24303,https://cpt.tcgcsv.com/bZg7,2025-11-07T05:10:16.337,1,0.01,0.12,8.06,0.06,,Normal,C,OP13-085,,Black,Character,2,4000,Celestial Dragons,1000,Ranged,
657359,Saint Shalria,Saint Shalria,https://tcgplayer-cdn.tcgplayer.com/product/657359_200w.jpg,68,24303,https://cpt.tcgcsv.com/cZg7,2025-11-07T05:10:16.337,1,0.05,0.35,10.0,0.19,,Normal,UC,OP13-086,"[On Play] Look at 3 cards from the top of your deck; reveal up to 1 ""Celestial Dragons"" type card other than [Saint Shalria] and add it to your hand. Then, trash the rest and trash 1 card from your hand.",Black,Character,1,,Celestial Dragons,1000,Ranged,
657360,Saint Charlos,Saint Charlos,https://tcgplayer-cdn.tcgplayer.com/product/657360_200w.jpg,68,24303,https://cpt.tcgcsv.com/dZg7,2025-11-07T05:10:16.337,1,0.02,0.2,3.0,0.13,,Normal,UC,OP13-087,"[Blocker] <em>(After your opponent declares an attack, you may rest this card to make it the new target of the attack.)</em><br>
[On Play] Trash 1 card from the top of your deck.",Black,Character,2,,Celestial Dragons,1000,Ranged,
657361,Terry Gilteo,Terry Gilteo,https://tcgplayer-cdn.tcgplayer.com/product/657361_200w.jpg,68,24303,https://cpt.tcgcsv.com/fZg7,2025-11-07T05:10:16.337,1,0.01,0.15,8.06,0.06,,Normal,UC,OP13-088,,Black,Character,5,6000,Revolutionary Army,2000,Wisdom,
657362,St. Topman Warcury,St Topman Warcury,https://tcgplayer-cdn.tcgplayer.com/product/657362_200w.jpg,68,24303,https://cpt.tcgcsv.com/gZg7,2025-11-07T05:10:16.337,1,0.1,0.4,10.0,0.25,,Foil,R,OP13-089,"If you have 7 or more cards in your trash, this Character cannot be removed from the field by your opponent's effects and gains [Blocker].<br>
[On K.O.] Draw 1 card.",Black,Character,4,5000,Celestial Dragons;Five Elders,1000,Special,
657363,St. Topman Warcury (Alternate Art),St Topman Warcury Alternate Art,https://tcgplayer-cdn.tcgplayer.com/product/657363_200w.jpg,68,24303,https://cpt.tcgcsv.com/hZg7,2025-11-07T05:10:16.337,1,14.99,18.97,54.99,16.13,,Foil,R,OP13-089,"If you have 7 or more cards in your trash, this Character cannot be removed from the field by your opponent's effects and gains [Blocker].<br>
[On K.O.] Draw 1 card.",Black,Character,4,5000,Celestial Dragons;Five Elders,1000,Special,
657364,St. Topman Warcury (Parallel),St Topman Warcury Parallel,https://tcgplayer-cdn.tcgplayer.com/product/657364_200w.jpg,68,24303,https://cpt.tcgcsv.com/jZg7,2025-11-07T05:10:16.337,1,335.0,410.83,500.0,399.56,,Foil,R,OP13-089,"If you have 7 or more cards in your trash, this Character cannot be removed from the field by your opponent's effects and gains [Blocker].<br>
[On K.O.] Draw 1 card.",Black,Character,4,5000,Celestial Dragons;Five Elders,1000,Special,
657365,Hack,Hack,https://tcgplayer-cdn.tcgplayer.com/product/657365_200w.jpg,68,24303,https://cpt.tcgcsv.com/kZg7,2025-11-07T05:10:16.337,1,0.01,0.15,3.0,0.09,,Normal,UC,OP13-090,,Black,Character,6,7000,Fish-Man;Revolutionary Army;Dressrosa,2000,Strike,
657366,St. Marcus Mars,St Marcus Mars,https://tcgplayer-cdn.tcgplayer.com/product/657366_200w.jpg,68,24303,https://cpt.tcgcsv.com/lZg7,2025-11-07T05:10:16.337,1,0.1,0.44,10.0,0.24,,Foil,R,OP13-091,"If you have 7 or more cards in your trash, this Character cannot be removed from the field by your opponent's effects and gains [Blocker].<br>
[On Play] <strong>You may trash 1 card from your hand:</strong> K.O. up to 1 of your opponent's Characters with a base cost of 5 or less.",Black,Character,6,5000,Celestial Dragons;Five Elders,1000,Special,
657367,St. Marcus Mars (Alternate Art),St Marcus Mars Alternate Art,https://tcgplayer-cdn.tcgplayer.com/product/657367_200w.jpg,68,24303,https://cpt.tcgcsv.com/mZg7,2025-11-07T05:10:16.337,1,18.48,22.99,64.99,20.29,,Foil,R,OP13-091,"If you have 7 or more cards in your trash, this Character cannot be removed from the field by your opponent's effects and gains [Blocker].<br>
[On Play] <strong>You may trash 1 card from your hand:</strong> K.O. up to 1 of your opponent's Characters with a base cost of 5 or less.",Black,Character,6,5000,Celestial Dragons;Five Elders,1000,Special,
657368,St. Marcus Mars (Parallel),St Marcus Mars Parallel,https://tcgplayer-cdn.tcgplayer.com/product/657368_200w.jpg,68,24303,https://cpt.tcgcsv.com/nZg7,2025-11-07T05:10:16.337,1,493.66,520.0,579.99,494.11,,Foil,R,OP13-091,"If you have 7 or more cards in your trash, this Character cannot be removed from the field by your opponent's effects and gains [Blocker].<br>
[On Play] <strong>You may trash 1 card from your hand:</strong> K.O. up to 1 of your opponent's Characters with a base cost of 5 or less.",Black,Character,6,5000,Celestial Dragons;Five Elders,1000,Special,
657369,Saint Mjosgard,Saint Mjosgard,https://tcgplayer-cdn.tcgplayer.com/product/657369_200w.jpg,68,24303,https://cpt.tcgcsv.com/pZg7,2025-11-07T05:10:16.337,1,0.01,0.15,12.0,0.09,,Normal,C,OP13-092,"[On Play] If you have 3 or less Life cards, play up to 1 ""Mary Geoise"" type Stage card with a cost of 1 from your trash.",Black,Character,2,,Celestial Dragons,2000,Wisdom,
657370,Morgans,Morgans,https://tcgplayer-cdn.tcgplayer.com/product/657370_200w.jpg,68,24303,https://cpt.tcgcsv.com/qZg7,2025-11-07T05:10:16.337,1,0.01,0.15,10.0,0.09,,Normal,C,OP13-093,"[Blocker] <em>(After your opponent declares an attack, you may rest this card to make it the new target of the attack.)</em><br>
[On Play] Draw 2 cards and trash 2 cards from your hand.",Black,Character,3,4000,Journalist,1000,Wisdom,
657371,York,York,https://tcgplayer-cdn.tcgplayer.com/product/657371_200w.jpg,68,24303,https://cpt.tcgcsv.com/rZg7,2025-11-07T05:10:16.337,1,0.01,0.1,8.08,0.08,,Normal,C,OP13-094,"[On Play] Up to 1 of your ""Celestial Dragons"" type Characters gains +2000 power during this turn.",Black,Character,1,1000,Scientist;Egghead,1000,Wisdom,
657372,Saint Rosward,Saint Rosward,https://tcgplayer-cdn.tcgplayer.com/product/657372_200w.jpg,68,24303,https://cpt.tcgcsv.com/sZg7,2025-11-07T05:10:16.337,1,0.01,0.12,3.0,0.09,,Normal,C,OP13-095,"[On Play] <strong>You may trash 1 card from your hand:</strong> If you only have ""Celestial Dragons"" type Characters, K.O. up to 2 of your opponent's Characters with a base cost of 3 or less.",Black,Character,3,,Celestial Dragons,1000,Ranged,
657373,The Five Elders Are at Your Service!!!,The Five Elders Are at Your Service,https://tcgplayer-cdn.tcgplayer.com/product/657373_200w.jpg,68,24303,https://cpt.tcgcsv.com/tZg7,2025-11-07T05:10:16.337,1,0.02,0.39,10.0,0.21,,Foil,R,OP13-096,"[Main] Look at 3 cards from the top of your deck; reveal up to 1 ""Celestial Dragons"" type card other than [The Five Elders Are at Your Service!!!] and add it to your hand. Then, trash the rest.<br>
[Trigger] Activate this card's [Main] effect.",Black,Event,1,,Celestial Dragons;Five Elders,,,
657374,The World's Equilibrium Cannot Be Maintained Forever,The Worlds Equilibrium Cannot Be Maintained Forever,https://tcgplayer-cdn.tcgplayer.com/product/657374_200w.jpg,68,24303,https://cpt.tcgcsv.com/vZg7,2025-11-07T05:10:16.337,1,0.01,0.15,5.32,0.11,,Normal,C,OP13-097,"[Main] <strong>You may rest 5 of your DON!! cards:</strong> If the only Characters on your field are ""Celestial Dragons"" type Characters, K.O. up to 1 of your opponent's Characters with a base cost of 6 or less.<br>
[Counter] Your Leader gains +3000 power during this battle.",Black,Event,1,,Celestial Dragons;Five Elders,,,
657375,Never Existed... in the First Place...,Never Existed in the First Place,https://tcgplayer-cdn.tcgplayer.com/product/657375_200w.jpg,68,24303,https://cpt.tcgcsv.com/wZg7,2025-11-07T05:10:16.337,1,0.14,0.35,22.0,0.26,,Normal,UC,OP13-098,"[Main] <strong>You may rest 1 of your DON!! cards:</strong> If your Leader is [Imu], K.O. up to 1 of your opponent's Stages with a cost of 7.<br>
[Counter] If your Leader is [Imu], up to 1 of your Leader or Character cards gains +4000 power during this battle.",Black,Event,1,,Celestial Dragons;Five Elders,,,
657376,The Empty Throne,The Empty Throne,https://tcgplayer-cdn.tcgplayer.com/product/657376_200w.jpg,68,24303,https://cpt.tcgcsv.com/xZg7,2025-11-07T05:10:16.337,1,0.01,0.15,20.04,0.09,,Normal,C,OP13-099,"[Your Turn] If you have 19 or more cards in your trash, your Leader gains +1000 power.<br>
[Activate: Main] <strong>You may rest this card and 3 of your DON!! cards:</strong> Play up to 1 black ""Five Elders"" type Character card with a cost equal to or less than the number of DON!! cards on your field from your hand.",Black,Stage,7,,Mary Geoise,,,
657377,Jewelry Bonney (100),Jewelry Bonney 100,https://tcgplayer-cdn.tcgplayer.com/product/657377_200w.jpg,68,24303,https://cpt.tcgcsv.com/zZg7,2025-11-07T05:10:16.337,1,0.01,0.17,5.0,0.13,,Normal,L,OP13-100,[Your Turn] [Once Per Turn] This effect can be activated when you play a Character with a [Trigger]. Give up to 2 rested DON!! cards to 1 of your Leader or Character cards.,Yellow,Leader,,5000,Bonney Pirates;Egghead,,Special,5
657378,Jewelry Bonney (100) (Alternate Art),Jewelry Bonney 100 Alternate Art,https://tcgplayer-cdn.tcgplayer.com/product/657378_200w.jpg,68,24303,https://cpt.tcgcsv.com/BZg7,2025-11-07T05:10:16.337,1,12.0,15.5,98.0,12.62,,Foil,L,OP13-100,[Your Turn] [Once Per Turn] This effect can be activated when you play a Character with a [Trigger]. Give up to 2 rested DON!! cards to 1 of your Leader or Character cards.,Yellow,Leader,,5000,Bonney Pirates;Egghead,,Special,5
657379,Atlas,Atlas,https://tcgplayer-cdn.tcgplayer.com/product/657379_200w.jpg,68,24303,https://cpt.tcgcsv.com/CZg7,2025-11-07T05:10:16.337,1,0.01,0.15,8.06,0.06,,Normal,UC,OP13-101,,Yellow,Character,5,6000,Scientist;Egghead,2000,Wisdom,
657380,Edison,Edison,https://tcgplayer-cdn.tcgplayer.com/product/657380_200w.jpg,68,24303,https://cpt.tcgcsv.com/DZg7,2025-11-07T05:10:16.337,1,0.01,0.15,8.06,0.07,,Normal,UC,OP13-102,"[Activate: Main] <strong>You may trash this Character:</strong> If the number of your Life cards is equal to or less than the number of your opponent's Life cards, draw 1 card. Then, rest up to 1 of your opponent's Characters with a cost of 3 or less.<br>
[Trigger] Draw 1 card and rest up to 1 of your opponent's Characters with a cost of 3 or less.",Yellow,Character,3,2000,Scientist;Egghead,2000,Wisdom,
657381,Gyogyo,Gyogyo,https://tcgplayer-cdn.tcgplayer.com/product/657381_200w.jpg,68,24303,https://cpt.tcgcsv.com/FZg7,2025-11-07T05:10:16.337,1,0.01,0.12,8.03,0.03,,Normal,C,OP13-103,,Yellow,Character,4,6000,Bonney Pirates,1000,Wisdom,
657382,Kouzuki Hiyori,Kouzuki Hiyori,https://tcgplayer-cdn.tcgplayer.com/product/657382_200w.jpg,68,24303,https://cpt.tcgcsv.com/GZg7,2025-11-07T05:10:16.337,1,0.01,0.25,5.0,0.19,,Foil,R,OP13-104,"[Blocker]<br>
[On K.O.] <strong>You may trash 1 card from your hand:</strong> If your Leader is multicolored, add up to 1 card from the top of your deck to the top of your Life cards.",Yellow,Character,4,,Land of Wano;Kouzuki Clan,1000,Wisdom,
657383,Kouzuki Momonosuke,Kouzuki Momonosuke,https://tcgplayer-cdn.tcgplayer.com/product/657383_200w.jpg,68,24303,https://cpt.tcgcsv.com/HZg7,2025-11-07T05:10:16.337,1,0.01,0.1,8.06,0.06,,Normal,C,OP13-105,[On Play] Look at all of your Life cards and place them back in your Life area in any order.,Yellow,Character,3,,Land of Wano;Kouzuki Clan,1000,Slash,
657384,Conney,Conney,https://tcgplayer-cdn.tcgplayer.com/product/657384_200w.jpg,68,24303,https://cpt.tcgcsv.com/JZg7,2025-11-07T05:10:16.337,1,0.01,0.1,8.05,0.05,,Normal,C,OP13-106,"[Opponent's Turn] When a [Trigger] activates, this Character gains [Blocker] during this turn.<br>
[Trigger] Play this card.",Yellow,Character,1,1000,Bonney Pirates,1000,Special,
657385,Shaka,Shaka,https://tcgplayer-cdn.tcgplayer.com/product/657385_200w.jpg,68,24303,https://cpt.tcgcsv.com/KZg7,2025-11-07T05:10:16.337,1,0.01,0.1,8.03,0.03,,Normal,C,OP13-107,,Yellow,Character,5,7000,Scientist;Egghead,1000,Wisdom,
657386,Jewelry Bonney (108),Jewelry Bonney 108,https://tcgplayer-cdn.tcgplayer.com/product/657386_200w.jpg,68,24303,https://cpt.tcgcsv.com/LZg7,2025-11-07T05:10:16.337,1,0.85,2.99,30.0,1.52,,Foil,SR,OP13-108,"[On Play] If your Leader has the ""Egghead"" type, this Character gains [Rush] during this turn. Then, your opponent adds 1 card from the top of their Life cards to their hand.<br>
[Trigger] If you have 1 or less Life cards, rest up to 1 of your opponent's Characters with a cost of 7 or less.",Yellow,Character,9,10000,Bonney Pirates;Egghead,,Special,
657387,Jewelry Bonney (108) (Alternate Art),Jewelry Bonney 108 Alternate Art,https://tcgplayer-cdn.tcgplayer.com/product/657387_200w.jpg,68,24303,https://cpt.tcgcsv.com/MZg7,2025-11-07T05:10:16.337,1,14.0,20.9,420.69,17.93,,Foil,SR,OP13-108,"[On Play] If your Leader has the ""Egghead"" type, this Character gains [Rush] during this turn. Then, your opponent adds 1 card from the top of their Life cards to their hand.<br>
[Trigger] If you have 1 or less Life cards, rest up to 1 of your opponent's Characters with a cost of 7 or less.",Yellow,Character,9,10000,Bonney Pirates;Egghead,,Special,
657388,Jewelry Bonney (109),Jewelry Bonney 109,https://tcgplayer-cdn.tcgplayer.com/product/657388_200w.jpg,68,24303,https://cpt.tcgcsv.com/NZg7,2025-11-07T05:10:16.337,1,0.01,0.15,3.0,0.07,,Normal,UC,OP13-109,"If this Character would be removed from the field by your opponent's effect, you may turn 1 card from the top of your Life cards face-up instead.<br>
[Trigger] Draw 2 cards and trash 1 card from your hand.",Yellow,Character,5,6000,Bonney Pirates;Supernovas,1000,Special,
657389,Stussy,Stussy,https://tcgplayer-cdn.tcgplayer.com/product/657389_200w.jpg,68,24303,https://cpt.tcgcsv.com/PZg7,2025-11-07T05:10:16.337,1,0.05,0.49,99.9,0.33,,Foil,SR,OP13-110,"[Blocker]<br>
[On Play] If your Leader has the ""Egghead"" type, play up to 1 Character card with a cost of 5 or less and a [Trigger] from your hand.",Yellow,Character,7,7000,CP0;Egghead,,Special,
657390,Stussy (Alternate Art),Stussy Alternate Art,https://tcgplayer-cdn.tcgplayer.com/product/657390_200w.jpg,68,24303,https://cpt.tcgcsv.com/QZg7,2025-11-07T05:10:16.337,1,14.96,18.65,55.24,16.39,,Foil,SR,OP13-110,"[Blocker]<br>
[On Play] If your Leader has the ""Egghead"" type, play up to 1 Character card with a cost of 5 or less and a [Trigger] from your hand.",Yellow,Character,7,7000,CP0;Egghead,,Special,
657391,Pythagoras,Pythagoras,https://tcgplayer-cdn.tcgplayer.com/product/657391_200w.jpg,68,24303,https://cpt.tcgcsv.com/RZg7,2025-11-07T05:10:16.337,1,0.01,0.15,8.04,0.04,,Normal,UC,OP13-111,,Yellow,Character,6,7000,Scientist;Egghead,2000,Wisdom,
657392,Vegapunk,Vegapunk,https://tcgplayer-cdn.tcgplayer.com/product/657392_200w.jpg,68,24303,https://cpt.tcgcsv.com/SZg7,2025-11-07T05:10:16.337,1,0.01,0.1,8.04,0.04,,Normal,C,OP13-112,"If you have a total of 2 or more given DON!! cards, this Character gains [Blocker].<br>
<em>(After your opponent declares an attack, you may rest this card to make it the new target of the attack.)</em>",Yellow,Character,1,1000,Scientist;Egghead,1000,Wisdom,
657393,Lilith,Lilith,https://tcgplayer-cdn.tcgplayer.com/product/657393_200w.jpg,68,24303,https://cpt.tcgcsv.com/TZg7,2025-11-07T05:10:16.337,1,0.08,0.37,6.0,0.31,,Foil,R,OP13-113,"[On Play] Look at 4 cards from the top of your deck; reveal up to 1 card with a [Trigger] other than [Lilith] and add it to your hand. Then, place the rest at the bottom of your deck in any order.<br>
[Trigger] Activate this card's [On Play] effect.",Yellow,Character,1,2000,Scientist;Egghead,1000,Wisdom,
657394,Lilith (Alternate Art),Lilith Alternate Art,https://tcgplayer-cdn.tcgplayer.com/product/657394_200w.jpg,68,24303,https://cpt.tcgcsv.com/VZg7,2025-11-07T05:10:16.337,1,9.49,15.4,420.69,12.53,,Foil,R,OP13-113,"[On Play] Look at 4 cards from the top of your deck; reveal up to 1 card with a [Trigger] other than [Lilith] and add it to your hand. Then, place the rest at the bottom of your deck in any order.<br>
[Trigger] Activate this card's [On Play] effect.",Yellow,Character,1,2000,Scientist;Egghead,1000,Wisdom,
657395,S-Snake,S Snake,https://tcgplayer-cdn.tcgplayer.com/product/657395_200w.jpg,68,24303,https://cpt.tcgcsv.com/WZg7,2025-11-07T05:10:16.337,1,0.03,0.22,5.0,0.19,,Foil,R,OP13-114,"[On Play]/[When Attacking] <strong>You may turn 1 card from the top of your Life cards face-up:</strong> Give up to 1 of your opponent's Characters 2000 power during this turn.<br>
[Trigger] <strong>You may trash 1 card from your hand:</strong> Play this card.",Yellow,Character,4,5000,Egghead;Seraphim,1000,Special,
657396,S-Snake (Alternate Art),S Snake Alternate Art,https://tcgplayer-cdn.tcgplayer.com/product/657396_200w.jpg,68,24303,https://cpt.tcgcsv.com/XZg7,2025-11-07T05:10:16.337,1,4.0,6.0,42.69,4.8,,Foil,R,OP13-114,"[On Play]/[When Attacking] <strong>You may turn 1 card from the top of your Life cards face-up:</strong> Give up to 1 of your opponent's Characters 2000 power during this turn.<br>
[Trigger] <strong>You may trash 1 card from your hand:</strong> Play this card.",Yellow,Character,4,5000,Egghead;Seraphim,1000,Special,
657397,Paper Art Afterimage,Paper Art Afterimage,https://tcgplayer-cdn.tcgplayer.com/product/657397_200w.jpg,68,24303,https://cpt.tcgcsv.com/ZZg7,2025-11-07T05:10:16.337,1,0.01,0.1,25.0,0.06,,Normal,C,OP13-115,"[Counter] Up to 1 of your Leader or Character cards gains +3000 power during this battle. Then, if your opponent has 2 or less Life cards, up to 1 of your Leader or Character cards gains +1000 power during this turn.<br>
[Trigger] Draw 1 card.",Yellow,Event,2,,CP0;Egghead,,,
657398,The One Who Is the Most Free Is the Pirate King!!!,The One Who Is the Most Free Is the Pirate King,https://tcgplayer-cdn.tcgplayer.com/product/657398_200w.jpg,68,24303,https://cpt.tcgcsv.com/-Zg7,2025-11-07T05:10:16.337,1,0.01,0.15,30.0,0.09,,Normal,UC,OP13-116,"[Main] Look at 5 cards from the top of your deck; reveal up to 1 ""Supernovas"" type Character card and add it to your hand. Then, place the rest at the bottom of your deck in any order.<br>
[Trigger] Activate this card's [Main] effect.",Yellow,Event,1,,Straw Hat Crew;Supernovas,,,
657399,Gum-Gum Dawn Stamp,Gum Gum Dawn Stamp,https://tcgplayer-cdn.tcgplayer.com/product/657399_200w.jpg,68,24303,https://cpt.tcgcsv.com/_Zg7,2025-11-07T05:10:16.337,1,0.01,0.19,10.0,0.1,,Foil,R,OP13-117,"[Main] <strong>You may turn 1 card from the top of your Life cards face-up:</strong> K.O. up to 1 of your opponent's Characters with a base cost of 6 or less.<br>
[Trigger] Draw 1 card.",Yellow,Event,5,,Straw Hat Crew;The Four Emperors;Egghead,,,
657400,Monkey.D.Luffy (118),MonkeyDLuffy 118,https://tcgplayer-cdn.tcgplayer.com/product/657400_200w.jpg,68,24303,https://cpt.tcgcsv.com/0-g7,2025-11-07T05:10:16.337,1,29.99,38.0,420.69,31.2,,Foil,SEC,OP13-118,"[Double Attack]<br>
[On Play] If your Leader is multicolored, set up to 4 of your DON!! cards as active. Then, you cannot play Character cards with a base cost of 5 or more during this turn.",Green,Character,6,7000,Straw Hat Crew;Supernovas;Fish-Man Island,,Strike,
657401,Monkey.D.Luffy (118) (Red Super Alternate Art),MonkeyDLuffy 118 Red Super Alternate Art,https://tcgplayer-cdn.tcgplayer.com/product/657401_200w.jpg,68,24303,https://cpt.tcgcsv.com/2-g7,2025-11-07T05:10:16.337,1,99999.0,99999.0,99999.0,,,Foil,SEC,OP13-118,"[Double Attack]<br>
[On Play] If your Leader is multicolored, set up to 4 of your DON!! cards as active. Then, you cannot play Character cards with a base cost of 5 or more during this turn.",Green,Character,6,7000,Straw Hat Crew;Supernovas;Fish-Man Island,,Strike,
657402,Monkey.D.Luffy (118) (Super Alternate Art),MonkeyDLuffy 118 Super Alternate Art,https://tcgplayer-cdn.tcgplayer.com/product/657402_200w.jpg,68,24303,https://cpt.tcgcsv.com/3-g7,2025-11-07T05:10:16.337,1,2799.99,3299.45,6500.0,2116.43,,Foil,SEC,OP13-118,"[Double Attack]<br>
[On Play] If your Leader is multicolored, set up to 4 of your DON!! cards as active. Then, you cannot play Character cards with a base cost of 5 or more during this turn.",Green,Character,6,7000,Straw Hat Crew;Supernovas;Fish-Man Island,,Strike,
657403,Monkey.D.Luffy (118) (Parallel),MonkeyDLuffy 118 Parallel,https://tcgplayer-cdn.tcgplayer.com/product/657403_200w.jpg,68,24303,https://cpt.tcgcsv.com/5-g7,2025-11-07T05:10:16.337,1,109.32,125.37,1000.0,104.59,,Foil,SEC,OP13-118,"[Double Attack]<br>
[On Play] If your Leader is multicolored, set up to 4 of your DON!! cards as active. Then, you cannot play Character cards with a base cost of 5 or more during this turn.",Green,Character,6,7000,Straw Hat Crew;Supernovas;Fish-Man Island,,Strike,
657404,Monkey.D.Luffy (118) (Wanted Poster),MonkeyDLuffy 118 Wanted Poster,https://tcgplayer-cdn.tcgplayer.com/product/657404_200w.jpg,68,24303,https://cpt.tcgcsv.com/6-g7,2025-11-07T05:10:16.337,1,330.0,363.24,1500.0,340.23,,Foil,SEC,OP13-118,"[Double Attack]<br>
[On Play] If your Leader is multicolored, set up to 4 of your DON!! cards as active. Then, you cannot play Character cards with a base cost of 5 or more during this turn.",Green,Character,6,7000,Straw Hat Crew;Supernovas;Fish-Man Island,,Strike,
657405,Portgas.D.Ace (119),PortgasDAce 119,https://tcgplayer-cdn.tcgplayer.com/product/657405_200w.jpg,68,24303,https://cpt.tcgcsv.com/7-g7,2025-11-13T13:43:47.207,1,1.5,3.15,420.69,1.89,,Foil,SEC,OP13-119,"If you have 3 or less Life cards, this Character gains [Rush].<br>
[On Play] Give up to 1 rested DON!! card to your Leader. Then, you may return up to 1 of your opponent's Characters with a cost of 5 or less to the owner's hand. If you do, your opponent plays up to 1 Character card with a cost of 4 or less from their hand.",Blue,Character,6,7000,Whitebeard Pirates,,Special,
657406,Portgas.D.Ace (119) (Red Super Alternate Art),PortgasDAce 119 Red Super Alternate Art,https://tcgplayer-cdn.tcgplayer.com/product/657406_200w.jpg,68,24303,https://cpt.tcgcsv.com/8-g7,2025-11-07T05:10:16.337,1,6000.0,10000.0,14000.0,,,Foil,SEC,OP13-119,"If you have 3 or less Life cards, this Character gains [Rush].<br>
[On Play] Give up to 1 rested DON!! card to your Leader. Then, you may return up to 1 of your opponent's Characters with a cost of 5 or less to the owner's hand. If you do, your opponent plays up to 1 Character card with a cost of 4 or less from their hand.",Blue,Character,6,7000,Whitebeard Pirates,,Special,
657407,Portgas.D.Ace (119) (Super Alternate Art),PortgasDAce 119 Super Alternate Art,https://tcgplayer-cdn.tcgplayer.com/product/657407_200w.jpg,68,24303,https://cpt.tcgcsv.com/9-g7,2025-11-07T05:10:16.337,1,1175.0,1349.95,1550.0,1230.5,,Foil,SEC,OP13-119,"If you have 3 or less Life cards, this Character gains [Rush].<br>
[On Play] Give up to 1 rested DON!! card to your Leader. Then, you may return up to 1 of your opponent's Characters with a cost of 5 or less to the owner's hand. If you do, your opponent plays up to 1 Character card with a cost of 4 or less from their hand.",Blue,Character,6,7000,Whitebeard Pirates,,Special,
657408,Portgas.D.Ace (119) (Parallel),PortgasDAce 119 Parallel,https://tcgplayer-cdn.tcgplayer.com/product/657408_200w.jpg,68,24303,https://cpt.tcgcsv.com/b-g7,2025-11-07T05:10:16.337,1,18.67,25.52,199.99,22.33,,Foil,SEC,OP13-119,"If you have 3 or less Life cards, this Character gains [Rush].<br>
[On Play] Give up to 1 rested DON!! card to your Leader. Then, you may return up to 1 of your opponent's Characters with a cost of 5 or less to the owner's hand. If you do, your opponent plays up to 1 Character card with a cost of 4 or less from their hand.",Blue,Character,6,7000,Whitebeard Pirates,,Special,
657409,Portgas.D.Ace (119) (Wanted Poster),PortgasDAce 119 Wanted Poster,https://tcgplayer-cdn.tcgplayer.com/product/657409_200w.jpg,68,24303,https://cpt.tcgcsv.com/c-g7,2025-11-19T20:27:33.597,1,432.79,499.99,5499.99,444.75,,Foil,SEC,OP13-119,"If you have 3 or less Life cards, this Character gains [Rush].<br>
[On Play] Give up to 1 rested DON!! card to your Leader. Then, you may return up to 1 of your opponent's Characters with a cost of 5 or less to the owner's hand. If you do, your opponent plays up to 1 Character card with a cost of 4 or less from their hand.
<br><br>
<a href=""https://en.onepiece-cardgame.com/topics/notice_op13-119.php"">This card has been officially errata'd.</a>",Blue,Character,6,7000,Whitebeard Pirates,,Special,
657410,Sabo (120),Sabo 120,https://tcgplayer-cdn.tcgplayer.com/product/657410_200w.jpg,68,24303,https://cpt.tcgcsv.com/d-g7,2025-11-18T14:46:34.233,1,1.89,4.94,30.0,2.58,,Foil,SEC,OP13-120,"[Blocker]<br>
[Activate: Main] [Once Per Turn] Up to 1 of your Characters gains +2 cost until the end of your opponent's next turn. Then, give up to 1 rested DON!! card to your Leader.",Black,Character,6,7000,Revolutionary Army;Dressrosa,,Special,
657411,Sabo (120) (Red Super Alternate Art),Sabo 120 Red Super Alternate Art,https://tcgplayer-cdn.tcgplayer.com/product/657411_200w.jpg,68,24303,https://cpt.tcgcsv.com/f-g7,2025-11-07T05:10:16.337,1,4299.99,4799.99,5299.99,4800.0,,Foil,SEC,OP13-120,"[Blocker]<br>
[Activate: Main] [Once Per Turn] Up to 1 of your Characters gains +2 cost until the end of your opponent's next turn. Then, give up to 1 rested DON!! card to your Leader.",Black,Character,6,7000,Revolutionary Army;Dressrosa,,Special,
657412,Sabo (120) (Super Alternate Art),Sabo 120 Super Alternate Art,https://tcgplayer-cdn.tcgplayer.com/product/657412_200w.jpg,68,24303,https://cpt.tcgcsv.com/g-g7,2025-11-07T05:10:16.337,1,639.99,799.45,1600.0,752.18,,Foil,SEC,OP13-120,"[Blocker]<br>
[Activate: Main] [Once Per Turn] Up to 1 of your Characters gains +2 cost until the end of your opponent's next turn. Then, give up to 1 rested DON!! card to your Leader.",Black,Character,6,7000,Revolutionary Army;Dressrosa,,Special,
657413,Sabo (120) (Parallel),Sabo 120 Parallel,https://tcgplayer-cdn.tcgplayer.com/product/657413_200w.jpg,68,24303,https://cpt.tcgcsv.com/h-g7,2025-11-07T05:10:16.337,1,18.0,23.09,200.0,18.83,,Foil,SEC,OP13-120,"[Blocker]<br>
[Activate: Main] [Once Per Turn] Up to 1 of your Characters gains +2 cost until the end of your opponent's next turn. Then, give up to 1 rested DON!! card to your Leader.",Black,Character,6,7000,Revolutionary Army;Dressrosa,,Special,
657414,Sabo (120) (Wanted Poster),Sabo 120 Wanted Poster,https://tcgplayer-cdn.tcgplayer.com/product/657414_200w.jpg,68,24303,https://cpt.tcgcsv.com/j-g7,2025-11-07T05:10:16.337,1,146.99,188.27,500.0,149.24,,Foil,SEC,OP13-120,"[Blocker]<br>
[Activate: Main] [Once Per Turn] Up to 1 of your Characters gains +2 cost until the end of your opponent's next turn. Then, give up to 1 rested DON!! card to your Leader.",Black,Character,6,7000,Revolutionary Army;Dressrosa,,Special,
657442,Shanks - OP09-004 (SP) (Gold),Shanks OP09 004 SP Gold,https://tcgplayer-cdn.tcgplayer.com/product/657442_200w.jpg,68,24303,https://cpt.tcgcsv.com/S-g7,2025-11-07T05:10:16.337,1,1699.99,2300.0,2989.97,1673.6,,Foil,SR,OP09-004,"Give all of your opponent's Characters 1000 power.<br>
[Rush] <em>(This card can attack on the turn in which it is played.)</em>",Red,Character,10,12000,The Four Emperors;Red-Haired Pirates,,Slash,
657443,Shanks - OP09-004 (SP) (Silver),Shanks OP09 004 SP Silver,https://tcgplayer-cdn.tcgplayer.com/product/657443_200w.jpg,68,24303,https://cpt.tcgcsv.com/T-g7,2025-11-07T05:10:16.337,1,949.99,1250.0,1389.72,962.22,,Foil,SR,OP09-004,"Give all of your opponent's Characters 1000 power.<br>
[Rush] <em>(This card can attack on the turn in which it is played.)</em>",Red,Character,10,12000,The Four Emperors;Red-Haired Pirates,,Slash,
657444,Benn.Beckman (SP),BennBeckman SP,https://tcgplayer-cdn.tcgplayer.com/product/657444_200w.jpg,68,24303,https://cpt.tcgcsv.com/V-g7,2025-11-07T05:10:16.337,1,59.42,77.29,420.69,77.29,,Foil,SR,OP09-009,[On Play] Trash up to 1 of your opponent's Characters with 6000 power or less.,Red,Character,7,7000,Red-Haired Pirates,1000,Ranged,
657446,Gol.D.Roger - OP09-118 (SP) (Wanted Poster),GolDRoger OP09 118 SP Wanted Poster,https://tcgplayer-cdn.tcgplayer.com/product/657446_200w.jpg,68,24303,https://cpt.tcgcsv.com/X-g7,2025-11-07T05:10:16.337,1,191.0,198.41,400.0,196.72,,Foil,SEC,OP09-118,"[Rush] <em>(This card can attack on the turn in which it is played.)</em><br>
When your opponent activates [Blocker], if either you or your opponent has 0 Life cards, you win the game.",Red,Character,10,13000,Roger Pirates;King of the Pirates,,Slash,
657448,Monkey.D.Luffy - OP09-119 (SP),MonkeyDLuffy OP09 119 SP,https://tcgplayer-cdn.tcgplayer.com/product/657448_200w.jpg,68,24303,https://cpt.tcgcsv.com/--g7,2025-11-07T05:10:16.337,1,264.99,510.0,1500.0,373.9,,Foil,SEC,OP09-119,[On Play] <strong>You may return 1 or more DON!! cards from your field to your DON!! deck</strong>: Draw 1 card and this Character gains [Rush] during this turn.,Purple,Character,9,10000,Straw Hat Crew,,Strike,
657449,Smoker - OP10-030 (SP),Smoker OP10 030 SP,https://tcgplayer-cdn.tcgplayer.com/product/657449_200w.jpg,68,24303,https://cpt.tcgcsv.com/_-g7,2025-11-07T05:10:16.337,1,99.0,119.99,250.0,83.96,,Foil,SR,OP10-030,"[Banish] <em>(When this card deals damage, the target card is trashed without activating its Trigger.)</em><br>
[Activate: Main] Set up to 1 of your DON!! cards as active. Then, you cannot set DON!! cards as active using Character effects during this turn.",Green,Character,5,7000,Navy;Punk Hazard,,Slash,
659982,Monkey.D.Luffy - OP11-058 (TR),MonkeyDLuffy OP11 058 TR,https://tcgplayer-cdn.tcgplayer.com/product/659982_200w.jpg,68,24303,https://cpt.tcgcsv.com/G_h7,2025-11-07T05:10:16.337,1,63.01,74.99,300.0,71.17,,Foil,TR,OP11-058,"If you have 5 or more cards in your hand, this Character cannot attack.<br>
[Blocker] <em>(After your opponent declares an attack, you may rest this card to make it the new target of the attack.)</em>",Blue,Character,5,7000,Straw Hat Crew,1000,Strike,
660710,DON!! Card (Gol.D.Roger) (Gold),DON Card GolDRoger Gold,https://tcgplayer-cdn.tcgplayer.com/product/660710_200w.jpg,68,24303,https://cpt.tcgcsv.com/djj7,2025-11-13T12:32:11.557,1,5.4,8.16,100.0,6.06,,Foil,DON!!,,Your Turn +1000,,DON!!,,,,,,
660744,DON!! Card (Gol.D.Roger),DON Card GolDRoger,https://tcgplayer-cdn.tcgplayer.com/product/660744_200w.jpg,68,24303,https://cpt.tcgcsv.com/Vjj7,2025-11-13T12:32:20.97,1,0.03,0.31,10.0,0.27,,Foil,DON!!,,Your Turn +1000,,DON!!,,,,,,
