productId,name,cleanName,imageUrl,categoryId,groupId,url,modifiedOn,imageCount,lowPrice,midPrice,highPrice,marketPrice,directLowPrice,subTypeName,extRarity,extDescription,extCardType,extNumber,extColor,extCost,extPower,extSubtypes,extAttribute,extLife,extCounterplus
455865,Paramount War - Booster Pack,Paramount War Booster Pack,https://tcgplayer-cdn.tcgplayer.com/product/455865_200w.jpg,68,17698,https://cpt.tcgcsv.com/kmG5,2023-12-15T15:07:47.187,1,21.79,29.96,45.99,21.53,,Normal,,,,,,,,,,,
455866,Paramount War - Booster Box,Paramount War Booster Box,https://tcgplayer-cdn.tcgplayer.com/product/455866_200w.jpg,68,17698,https://cpt.tcgcsv.com/lmG5,2023-12-15T15:07:32.58,1,540.0,699.97,2550.0,605.01,,Normal,,,,,,,,,,,
455867,Paramount War - Booster Box Case,Paramount War Booster Box Case,https://tcgplayer-cdn.tcgplayer.com/product/455867_200w.jpg,68,17698,https://cpt.tcgcsv.com/mmG5,2023-12-15T15:07:39.24,1,9499.99,12949.0,25000.0,,,Normal,,,,,,,,,,,
482273,DON!! Card (Manga),DON Card Manga,https://tcgplayer-cdn.tcgplayer.com/product/482273_200w.jpg,68,17698,https://cpt.tcgcsv.com/tWS5,2025-05-19T18:00:59.76,1,2.5,5.49,25.0,4.48,,Foil,DON!!,Your Turn +1000,DON!!,,,,,,,,
482337,Monkey.D.Luffy (041) (Alternate Art),MonkeyDLuffy 041 Alternate Art,https://tcgplayer-cdn.tcgplayer.com/product/482337_200w.jpg,68,17698,https://cpt.tcgcsv.com/MXS5,2024-03-21T19:39:38.04,1,52.99,77.99,200.0,60.42,,Foil,R,"[Blocker] <em>(After your opponent declares an attack, you may rest this card to make it the new target of the attack.)</em>
<br>
[On Play] Play up to 1 ""FILM"" or ""Straw Hat Crew"" type Character card with a cost of 4 or less from your hand.",Character,OP02-041,Green,7,7000,Straw Hat Crew;Supernovas,Strike,,
482423,Edward.Newgate (004),EdwardNewgate 004,https://tcgplayer-cdn.tcgplayer.com/product/482423_200w.jpg,68,17698,https://cpt.tcgcsv.com/t-S5,2023-03-10T05:03:15.877,1,0.3,1.14,50.0,0.41,,Foil,SR,"[On Play] Up to 1 of your Leader gains +2000 power until the start of your next turn. Then, you cannot add Life cards to your hand using your own effects during this turn.
<br>
[DON!! x2] [When Attacking] K.O. up to 1 of your opponent's Characters with 3000 power or less.",Character,OP02-004,Red,9,10000,The Four Emperors;Whitebeard Pirates,Special,,
482424,Edward.Newgate (001),EdwardNewgate 001,https://tcgplayer-cdn.tcgplayer.com/product/482424_200w.jpg,68,17698,https://cpt.tcgcsv.com/v-S5,2023-03-10T05:03:15.877,1,0.14,0.39,10.0,0.34,,Normal,L,[End of Your Turn] Add 1 card from the top of your Life cards to your hand.,Leader,OP02-001,Red,,6000,The Four Emperors;Whitebeard Pirates,Special,6,
482425,Curly.Dadan,CurlyDadan,https://tcgplayer-cdn.tcgplayer.com/product/482425_200w.jpg,68,17698,https://cpt.tcgcsv.com/w-S5,2023-03-10T05:03:15.877,1,0.03,0.25,5.0,0.11,,Normal,UC,"[On Play] Look at up to 5 cards from the top of your deck; reveal up to 1 red Character with a cost of 1 and add it to your hand. Then, place the rest at the bottom of your deck in any order.",Character,OP02-005,Red,2,3000,Mountain Bandits,Slash,,1000
482426,Atmos,Atmos,https://tcgplayer-cdn.tcgplayer.com/product/482426_200w.jpg,68,17698,https://cpt.tcgcsv.com/x-S5,2023-03-10T05:03:15.877,1,0.01,0.15,5.0,0.05,,Normal,C,,Character,OP02-003,Red,4,6000,Whitebeard Pirates,Slash,,1000
482429,Nami (Alternate Art),Nami Alternate Art,https://tcgplayer-cdn.tcgplayer.com/product/482429_200w.jpg,68,17698,https://cpt.tcgcsv.com/C-S5,2023-03-10T05:03:15.877,1,89.71,104.49,250.0,87.09,,Foil,SR,"[On Play]/[When Attacking] (1) <em>(You may rest the specified number of DON!! cards in your cost area.)</em>: Look at 3 cards from the top of your deck; reveal up to 1 ""FILM"" type card other than [Nami] and add it to your hand. Then, place the rest at the bottom of your deck in any order.",Character,OP02-036,Green,3,5000,Film;Straw Hat Crew,Special,,
482704,Jozu,Jozu,https://tcgplayer-cdn.tcgplayer.com/product/482704_200w.jpg,68,17698,https://cpt.tcgcsv.com/66T5,2023-03-10T05:03:15.877,1,0.14,0.5,99.0,0.42,,Foil,R,"[DON!! x1] If you have 2 or less Life cards and your Leader's type includes ""Whitebeard Pirates"", this Character gains [Rush]. <em>(This card can attack on the turn in which it is played.)</em>",Character,OP02-008,Red,4,4000,Whitebeard Pirates,Strike,,2000
482705,Monkey.D.Garp (002),MonkeyDGarp 002,https://tcgplayer-cdn.tcgplayer.com/product/482705_200w.jpg,68,17698,https://cpt.tcgcsv.com/76T5,2023-03-10T05:03:15.877,1,0.19,0.45,5.0,0.41,,Normal,L,"[Your Turn] When this Leader or 1 of your Characters is given a DON!! card, give up to 1 of your opponent's Characters with a cost of 7 or less -1 cost during this turn.",Leader,OP02-002,Red;Black,,5000,Navy,Strike,4,
482706,Kingdew,Kingdew,https://tcgplayer-cdn.tcgplayer.com/product/482706_200w.jpg,68,17698,https://cpt.tcgcsv.com/86T5,2023-03-10T05:03:15.877,1,0.01,0.15,5.0,0.05,,Normal,C,,Character,OP02-006,Red,5,7000,Whitebeard Pirates,Strike,,1000
482707,Thatch,Thatch,https://tcgplayer-cdn.tcgplayer.com/product/482707_200w.jpg,68,17698,https://cpt.tcgcsv.com/96T5,2023-03-10T05:03:15.877,1,0.01,0.15,5.0,0.05,,Normal,C,,Character,OP02-007,Red,6,8000,Whitebeard Pirates,Wisdom,,1000
482718,Uta,Uta,https://tcgplayer-cdn.tcgplayer.com/product/482718_200w.jpg,68,17698,https://cpt.tcgcsv.com/n6T5,2023-05-12T13:39:34.507,1,9.69,11.66,100.98,10.87,,Foil,SEC,[On Play] DON!! -2 <em>(You may return the specified number of DON!! cards from your field to your DON!! deck.)</em>: Your Leader and all of your Characters gain +1000 power until the start of your next turn.,Character,OP02-120,Purple,8,8000,,Special,,
483093,Dogura,Dogura,https://tcgplayer-cdn.tcgplayer.com/product/483093_200w.jpg,68,17698,https://cpt.tcgcsv.com/TfT5,2023-03-10T05:03:15.877,1,0.01,0.15,5.0,0.06,,Normal,C,[Activate:Main] <strong>You may rest this Character</strong>: Play up to 1 red Character other than [Dogura] with a cost of 1 from your hand.,Character,OP02-010,Red,1,2000,Mountain Bandits,Slash,,1000
483094,Blenheim,Blenheim,https://tcgplayer-cdn.tcgplayer.com/product/483094_200w.jpg,68,17698,https://cpt.tcgcsv.com/VfT5,2023-03-10T05:03:15.877,1,0.01,0.15,5.0,0.04,,Normal,C,"[Blocker] <em>(After your opponent declares an attack, you may rest this card to make it the new target of the attack.)</em>",Character,OP02-012,Red,2,3000,Whitebeard Pirates,Slash,,
483095,Vista,Vista,https://tcgplayer-cdn.tcgplayer.com/product/483095_200w.jpg,68,17698,https://cpt.tcgcsv.com/WfT5,2023-03-10T05:03:15.877,1,0.09,0.31,13.89,0.27,,Foil,R,[On Play] K.O. up to 1 of your opponent's Characters with 3000 power or less.,Character,OP02-011,Red,3,3000,Whitebeard Pirates,Slash,,1000
483096,Squard (Box Topper),Squard Box Topper,https://tcgplayer-cdn.tcgplayer.com/product/483096_200w.jpg,68,17698,https://cpt.tcgcsv.com/XfT5,2023-03-10T05:03:15.877,1,1.0,1.98,29.99,1.78,,Foil,UC,"[On Play] If your Leader's type includes ""Whitebeard Pirates"", give up to 1 of your opponent's Characters -4000 power during this turn and add 1 card from the top of your Life cards to your hand.",Character,OP02-009,Red,3,5000,Whitebeard Pirates Allies,Slash,,
483360,Uta (Alternate Art),Uta Alternate Art,https://tcgplayer-cdn.tcgplayer.com/product/483360_200w.jpg,68,17698,https://cpt.tcgcsv.com/dmT5,2023-05-12T13:39:39.103,1,29.0,35.0,320.0,29.48,,Foil,SEC,[On Play] DON!! -2 <em>(You may return the specified number of DON!! cards from your field to your DON!! deck.)</em>: Your Leader and all of your Characters gain +1000 power until the start of your next turn.,Character,OP02-120,Purple,8,8000,,Special,,
483470,Edward.Newgate (001) (Alternate Art),EdwardNewgate 001 Alternate Art,https://tcgplayer-cdn.tcgplayer.com/product/483470_200w.jpg,68,17698,https://cpt.tcgcsv.com/qpT5,2023-03-10T05:03:15.877,1,98.01,114.0,220.0,102.49,,Foil,L,[End of Your Turn] Add 1 card from the top of your Life cards to your hand.,Leader,OP02-001,Red,,6000,The Four Emperors;Whitebeard Pirates,Special,6,
483627,Monkey.D.Garp (002) (Alternate Art),MonkeyDGarp 002 Alternate Art,https://tcgplayer-cdn.tcgplayer.com/product/483627_200w.jpg,68,17698,https://cpt.tcgcsv.com/zsT5,2023-03-10T05:03:15.877,1,108.13,125.15,199.99,113.84,,Foil,L,"[Your Turn] When this Leader or 1 of your Characters is given a DON!! card, give up to 1 of your opponent's Characters with a cost of 7 or less -1 cost during this turn.",Leader,OP02-002,Red;Black,,5000,Navy,Strike,4,
483628,Sanji (Alternate Art),Sanji Alternate Art,https://tcgplayer-cdn.tcgplayer.com/product/483628_200w.jpg,68,17698,https://cpt.tcgcsv.com/BsT5,2023-03-10T05:03:15.877,1,140.6,175.0,399.0,143.22,,Foil,L,"[Once Per Turn] When you play a Character with no base effect from your hand, if you have 3 or less Characters, set up to 2 of your DON!! cards as active.",Leader,OP02-026,Blue;Green,,5000,Straw Hat Crew,Strike,4,
483629,Kin'emon (Alternate Art),Kinemon Alternate Art,https://tcgplayer-cdn.tcgplayer.com/product/483629_200w.jpg,68,17698,https://cpt.tcgcsv.com/CsT5,2023-03-10T05:03:15.877,1,34.52,42.35,150.0,34.94,,Foil,L,"[Activate:Main] [Once Per Turn] If you have 1 or less Characters, the next time you play a [Land of Wano] type Character card with a cost of 3 or more from your hand during this turn, the cost will be reduced by 1.",Leader,OP02-025,Green,,5000,Land of Wano;The Akazaya Nine,Slash,5,
483949,Emporio.Ivankov (049) (Alternate Art),EmporioIvankov 049 Alternate Art,https://tcgplayer-cdn.tcgplayer.com/product/483949_200w.jpg,68,17698,https://cpt.tcgcsv.com/_BT5,2023-03-10T05:03:15.877,1,36.55,47.8,199.99,39.06,,Foil,L,"[End of Your Turn] If you have 0 cards in your hand, draw 2 cards.",Leader,OP02-049,Blue,,5000,Revolutionary Army;Impel Down,Special,5,
484134,Magellan (071) (Alternate Art),Magellan 071 Alternate Art,https://tcgplayer-cdn.tcgplayer.com/product/484134_200w.jpg,68,17698,https://cpt.tcgcsv.com/JGT5,2023-03-10T05:03:15.877,1,39.99,50.0,200.0,45.84,,Foil,L,"[Your Turn] [Once Per Turn] When a DON!! card on your field is returned to your DON!! deck, this Leader gains +1000 power during this turn.",Leader,OP02-071,Purple,,6000,Impel Down,Special,5,
484314,Zephyr (Alternate Art),Zephyr Alternate Art,https://tcgplayer-cdn.tcgplayer.com/product/484314_200w.jpg,68,17698,https://cpt.tcgcsv.com/jLT5,2023-03-10T05:03:15.877,1,39.5,46.01,108.9,30.37,,Foil,L,"[When Attacking] DON!! -4 <em>(You may return the specified number of DON!! cards from your field to your DON!! deck.)</em>: K.O. up to 1 of your opponent's Characters with a cost of 3 or less. Then, this Leader gains +1000 power during this turn.",Leader,OP02-072,Purple,,5000,Film;Neo Navy,Strike,4,
484476,Smoker (093) (Alternate Art),Smoker 093 Alternate Art,https://tcgplayer-cdn.tcgplayer.com/product/484476_200w.jpg,68,17698,https://cpt.tcgcsv.com/xPT5,2023-03-10T05:03:15.877,1,79.51,94.01,275.0,89.51,,Foil,L,"[DON!! x1] [Activate:Main] [Once Per Turn] Give up to 1o of your opponent's Characters -1 cost during this turn. Then, if there is a Character with a cost of 0, this Leader gains +1000 power during this turn.",Leader,OP02-093,Black,,5000,Navy,Special,5,
484627,Kouzuki Oden (Alternate Art),Kouzuki Oden Alternate Art,https://tcgplayer-cdn.tcgplayer.com/product/484627_200w.jpg,68,17698,https://cpt.tcgcsv.com/zST5,2023-03-10T05:03:15.877,1,6.88,8.25,89.99,7.5,,Foil,SR,"[Activate:Main] [Once Per Turn] (3) <em>(You may rest the specified number of DON!! cards in your cost area.)</em>: Set this Character as active.
<br>
[On K.O.] Play up to 1 green ""Land of Wano"" type Character card with a cost of 3 from your deck. Then, shuffle your deck.",Character,OP02-030,Green,8,8000,Land of Wano;Kouzuki Clan,Slash,,
484822,Monkey.D.Garp (115) (Alternate Art),MonkeyDGarp 115 Alternate Art,https://tcgplayer-cdn.tcgplayer.com/product/484822_200w.jpg,68,17698,https://cpt.tcgcsv.com/sXT5,2023-03-10T05:03:15.877,1,11.32,15.87,50.0,12.97,,Foil,R,[DON!! x2] [When Attacking] K.O. up to 1 of your opponent's Characters with a cost of 0.,Character,OP02-115,Black,2,3000,Navy,Strike,,2000
485087,Borsalino (Alternate Art),Borsalino Alternate Art,https://tcgplayer-cdn.tcgplayer.com/product/485087_200w.jpg,68,17698,https://cpt.tcgcsv.com/M2V5,2023-03-10T05:03:15.877,1,6.0,9.61,125.0,8.48,,Foil,SR,"[Opponent's Turn] This Character gains +1000 power and cannot be K.O.'d by effects.
<br>
[Blocker] <em>(After your opponent declares an attack, you may rest this card to make it the new target of the attack.)</em>",Character,OP02-114,Black,4,5000,Navy,Special,,1000
485162,Kuzan (096) (Alternate Art),Kuzan 096 Alternate Art,https://tcgplayer-cdn.tcgplayer.com/product/485162_200w.jpg,68,17698,https://cpt.tcgcsv.com/g5V5,2023-03-10T05:03:15.877,1,11.25,14.21,199.99,12.31,,Foil,SR,"[On Play] Draw 1 card.
<br>
[When Attacking] Give up to 1 of your opponent's Characters -4 cost during this turn.",Character,OP02-096,Black,4,5000,Navy,Special,,
485235,Portgas.D.Ace,PortgasDAce,https://tcgplayer-cdn.tcgplayer.com/product/485235_200w.jpg,68,17698,https://cpt.tcgcsv.com/K6V5,2023-03-10T05:03:15.877,1,3.99,7.49,50.0,5.1,,Foil,SR,"[On Play] Give up to 2 of your opponent's Characters -3000 power during this turn. Then, if your Leader's type includes ""Whitebeard Pirates"", this Character gains [Rush] during this turn. <em>(This card can attack on the turn in which it is played.)</em>",Character,OP02-013,Red,7,7000,Whitebeard Pirates,Special,,
485236,Kouzuki Toki (Box Topper),Kouzuki Toki Box Topper,https://tcgplayer-cdn.tcgplayer.com/product/485236_200w.jpg,68,17698,https://cpt.tcgcsv.com/L6V5,2023-03-10T05:03:15.877,1,11.74,20.5,180.0,12.12,,Foil,UC,"If you have a [Kouzuki Oden] Character, this Character gains [Blocker]. <em>(After your opponent declares an attack, you may rest this card to make it the new target of the attack.)</em>",Character,OP02-031,Green,1,0,Land of Wano;Kouzuki Clan,Wisdom,,1000
485237,Boa Hancock (Box Topper),Boa Hancock Box Topper,https://tcgplayer-cdn.tcgplayer.com/product/485237_200w.jpg,68,17698,https://cpt.tcgcsv.com/M6V5,2023-03-10T05:03:15.877,1,53.11,60.0,299.0,57.2,,Foil,UC,"[When Attacking] Draw 1 card and trash 1 card from your hand. Then, trash up to 3 cards from your hand.",Character,OP02-059,Blue,4,5000,Kuja Pirates;The Seven Warlords of the Sea;Impel Down,Special,,1000
485238,Monkey.D.Luffy (062),MonkeyDLuffy 062,https://tcgplayer-cdn.tcgplayer.com/product/485238_200w.jpg,68,17698,https://cpt.tcgcsv.com/N6V5,2023-03-10T05:03:15.877,1,1.2,2.25,50.0,1.66,,Foil,SR,"[On Play] / [When Attacking] <strong>You may trash 2 cards from your hand</strong>: Return up to 1 Character with a cost of 4 or less to the owner's hand. Then, this Character gains [Double Attack] during this turn. <em>(This card deals 2 damage.)</em>",Character,OP02-062,Blue,6,7000,Straw Hat Crew;Impel Down,Strike,,
485239,Zephyr,Zephyr,https://tcgplayer-cdn.tcgplayer.com/product/485239_200w.jpg,68,17698,https://cpt.tcgcsv.com/P6V5,2023-03-10T05:03:15.877,1,0.09,0.25,10.0,0.22,,Normal,L,"[When Attacking] DON!! -4 <em>(You may return the specified number of DON!! cards from your field to your DON!! deck.)</em>: K.O. up to 1 of your opponent's Characters with a cost of 3 or less. Then, this Leader gains +1000 power during this turn.",Leader,OP02-072,Purple;Black,,5000,Film;Neo Navy,Strike,4,
485241,Minokoala (Box Topper),Minokoala Box Topper,https://tcgplayer-cdn.tcgplayer.com/product/485241_200w.jpg,68,17698,https://cpt.tcgcsv.com/R6V5,2023-03-10T05:03:15.877,1,1.4,2.24,19.99,1.96,,Foil,UC,"[Blocker] <em>(After your opponent declares an attack, you may rest this card to make it the new target of the attack.)</em>
<br>
[On K.O.] If your Leader has the [Impel Down] type, add up to 1 DON!! card from your DON!! deck and rest it.",Character,OP02-086,Purple,4,5000,Impel Down;Jailer Beast,Strike,,1000
485242,Sakazuki,Sakazuki,https://tcgplayer-cdn.tcgplayer.com/product/485242_200w.jpg,68,17698,https://cpt.tcgcsv.com/S6V5,2023-03-10T05:03:15.877,1,0.2,0.5,50.0,0.4,,Foil,SR,[On Play] <strong>You may trash 1 card from your hand</strong>: K.O. up to 1 of your opponent's Characters with a cost of 5 or less.,Character,OP02-099,Black,6,7000,Navy,Special,,
485243,Tashigi,Tashigi,https://tcgplayer-cdn.tcgplayer.com/product/485243_200w.jpg,68,17698,https://cpt.tcgcsv.com/T6V5,2023-03-10T05:03:15.877,1,0.01,0.2,5.0,0.1,,Normal,C,[DON!! x1] [When Attacking] Give up to 1 of your opponent's Characters -3 cost during this turn.,Character,OP02-105,Black,3,5000,Navy,Slash,,
485244,Tashigi (Box Topper),Tashigi Box Topper,https://tcgplayer-cdn.tcgplayer.com/product/485244_200w.jpg,68,17698,https://cpt.tcgcsv.com/V6V5,2023-03-10T05:03:15.877,1,5.33,7.72,32.0,6.32,,Foil,C,[DON!! x1] [When Attacking] Give up to 1 of your opponent's Characters -3 cost during this turn.,Character,OP02-105,Black,3,5000,Navy,Slash,,
485245,Donquixote Rosinante (Box Topper),Donquixote Rosinante Box Topper,https://tcgplayer-cdn.tcgplayer.com/product/485245_200w.jpg,68,17698,https://cpt.tcgcsv.com/W6V5,2023-03-10T05:03:15.877,1,9.8,12.67,21.98,10.73,,Foil,C,"[Blocker] <em>(After your opponent declares an attack, you may rest this card to make it the new target of the attack.)</em>",Character,OP02-108,Black,2,2000,Donquixote Pirates;Navy,Special,,1000
485246,Borsalino,Borsalino,https://tcgplayer-cdn.tcgplayer.com/product/485246_200w.jpg,68,17698,https://cpt.tcgcsv.com/X6V5,2023-03-10T05:03:15.877,1,0.3,0.75,50.22,0.43,,Foil,SR,"[Opponent's Turn] This Character gains +1000 power and cannot be K.O.'d by effects.
<br>
[Blocker] <em>(After your opponent declares an attack, you may rest this card to make it the new target of the attack.)</em>",Character,OP02-114,Black,4,5000,Navy,Special,,1000
485255,Sakazuki (Alternate Art),Sakazuki Alternate Art,https://tcgplayer-cdn.tcgplayer.com/product/485255_200w.jpg,68,17698,https://cpt.tcgcsv.com/77V5,2023-03-10T05:03:15.877,1,5.0,9.76,75.0,7.11,,Foil,SR,[On Play] <strong>You may trash 1 card from your hand</strong>: K.O. up to 1 of your opponent's Characters with a cost of 5 or less.,Character,OP02-099,Black,6,7000,Navy,Special,,
485397,Kuzan (121),Kuzan 121,https://tcgplayer-cdn.tcgplayer.com/product/485397_200w.jpg,68,17698,https://cpt.tcgcsv.com/Z9V5,2023-05-12T13:39:22.14,1,1.79,3.82,100.0,2.54,,Foil,SEC,"[Your Turn] Give all of your opponent's Characters -5 cost.
<br>
[On Play] K.O. up to 1 of your opponent's Characters with a cost of 0.",Character,OP02-121,Black,10,10000,Former Navy,Special,,
485456,Kuzan (121) (Alternate Art),Kuzan 121 Alternate Art,https://tcgplayer-cdn.tcgplayer.com/product/485456_200w.jpg,68,17698,https://cpt.tcgcsv.com/8cV5,2023-05-12T13:39:27.41,1,10.99,14.87,169.99,11.79,,Foil,SEC,"[Your Turn] Give all of your opponent's Characters -5 cost.
<br>
[On Play] K.O. up to 1 of your opponent's Characters with a cost of 0.",Character,OP02-121,Black,10,10000,Former Navy,Special,,
485457,Little Sadi (Alternate Art),Little Sadi Alternate Art,https://tcgplayer-cdn.tcgplayer.com/product/485457_200w.jpg,68,17698,https://cpt.tcgcsv.com/9cV5,2023-03-10T05:03:15.877,1,6.0,7.84,72.94,6.67,,Foil,R,[On Play] Play up to 1 [Jailer Beast] type Character card from your hand.,Character,OP02-073,Purple,3,3000,Impel Down,Wisdom,,2000
485459,Magellan (085) (Alternate Art),Magellan 085 Alternate Art,https://tcgplayer-cdn.tcgplayer.com/product/485459_200w.jpg,68,17698,https://cpt.tcgcsv.com/ccV5,2023-03-10T05:03:15.877,1,7.0,8.99,124.0,7.78,,Foil,SR,"[On Play] DON!! -1 <em>(You may return the specified number of DON!! cards from your field to your DON!! deck.)</em>: Your opponent returns 1 DON!! card from their field to their DON!! deck.
<br>
[Opponent's Turn] When this Character is K.O.'d, your opponent returns 2 DON!! cards from their field to their DON!! deck.",Character,OP02-085,Purple,5,6000,Impel Down,Special,,
485812,Emporio.Ivankov (051) (Alternate Art),EmporioIvankov 051 Alternate Art,https://tcgplayer-cdn.tcgplayer.com/product/485812_200w.jpg,68,17698,https://cpt.tcgcsv.com/glV5,2023-03-10T05:03:15.877,1,4.75,6.58,50.0,5.7,,Foil,SR,[On Play] Draw card(s) so that you have 3 cards in your hand and then play up to 1 blue [Impel Down] type Character card with a cost of 6 or less from your hand.,Character,OP02-051,Blue,7,7000,Revolutionary Army;Impel Down,Special,,
485813,Buggy (Alternate Art),Buggy Alternate Art,https://tcgplayer-cdn.tcgplayer.com/product/485813_200w.jpg,68,17698,https://cpt.tcgcsv.com/hlV5,2023-03-10T05:03:15.877,1,15.0,22.0,59.87,19.84,,Foil,R,"[On Play] Look at 5 cards from the top of your deck; reveal up to 1 blue [Impel Down] type card other than [Buggy] and add it to your hand. Then, place the rest at the bottom of your deck in any order.",Character,OP02-058,Blue,1,2000,Buggy Pirates;Impel Down,Slash,,1000
485814,Monkey.D.Luffy (062) (Alternate Art),MonkeyDLuffy 062 Alternate Art,https://tcgplayer-cdn.tcgplayer.com/product/485814_200w.jpg,68,17698,https://cpt.tcgcsv.com/jlV5,2023-03-10T05:03:15.877,1,68.69,94.66,149.0,79.58,,Foil,SR,"[On Play] / [When Attacking] <strong>You may trash 2 cards from your hand</strong>: Return up to 1 Character with a cost of 4 or less to the owner's hand. Then, this Character gains [Double Attack] during this turn. <em>(This card deals 2 damage.)</em>",Character,OP02-062,Blue,6,7000,Straw Hat Crew;Impel Down,Strike,,
485861,Edward.Newgate (004) (Alternate Art),EdwardNewgate 004 Alternate Art,https://tcgplayer-cdn.tcgplayer.com/product/485861_200w.jpg,68,17698,https://cpt.tcgcsv.com/fmV5,2023-03-10T05:03:15.877,1,17.98,28.02,150.0,18.82,,Foil,SR,"[On Play] Up to 1 of your Leader gains +2000 power until the start of your next turn. Then, you cannot add Life cards to your hand using your own effects during this turn.
<br>
[DON!! x2] [When Attacking] K.O. up to 1 of your opponent's Characters with 3000 power or less.",Character,OP02-004,Red,9,10000,The Four Emperors;Whitebeard Pirates,Special,,
485862,Portgas.D.Ace (Parallel) (Manga) (Alternate Art),PortgasDAce Parallel Manga Alternate Art,https://tcgplayer-cdn.tcgplayer.com/product/485862_200w.jpg,68,17698,https://cpt.tcgcsv.com/gmV5,2024-07-19T12:41:59.467,1,2100.0,3997.5,20000.0,1819.41,,Foil,SR,"[On Play] Give up to 2 of your opponent's Characters -3000 power during this turn. Then, if your Leader's type includes ""Whitebeard Pirates"", this Character gains [Rush] during this turn. <em>(This card can attack on the turn in which it is played.)</em>",Character,OP02-013,Red,7,7000,Whitebeard Pirates,Special,,
485863,Marco (Alternate Art),Marco Alternate Art,https://tcgplayer-cdn.tcgplayer.com/product/485863_200w.jpg,68,17698,https://cpt.tcgcsv.com/hmV5,2023-03-10T05:03:15.877,1,4.89,6.91,35.0,5.87,,Foil,R,"[Blocker] <em>(After your opponent declares an attack, you may rest this card to make it the new target of the attack.)</em>
<br>
[On K.O.] <strong>You may trash 1 card with a type including ""Whitebeard Pirates"" from your hand</strong>: If you have 2 or less Life cards, play this Character card from your trash rested.",Character,OP02-018,Red,4,5000,Whitebeard Pirates,Special,,1000
485864,Masked Deuce (Alternate Art),Masked Deuce Alternate Art,https://tcgplayer-cdn.tcgplayer.com/product/485864_200w.jpg,68,17698,https://cpt.tcgcsv.com/jmV5,2023-03-10T05:03:15.877,1,1.5,3.11,39.99,2.01,,Foil,R,[DON!! x2] [When Attacking] K.O. up to 1 of your opponent's Characters with 2000 power or less.,Character,OP02-017,Red,2,3000,Spade Pirates,Wisdom,,2000
486332,Squard,Squard,https://tcgplayer-cdn.tcgplayer.com/product/486332_200w.jpg,68,17698,https://cpt.tcgcsv.com/GxV5,2023-03-10T05:03:15.877,1,0.02,0.19,5.0,0.07,,Normal,UC,"[On Play] If your Leader's type includes ""Whitebeard Pirates"", give up to 1 of your opponent's Characters -4000 power during this turn and add 1 card from the top of your Life cards to your hand.",Character,OP02-009,Red,3,5000,Whitebeard Pirates Allies,Slash,,
486333,Portgas.D.Ace (Parallel),PortgasDAce Parallel,https://tcgplayer-cdn.tcgplayer.com/product/486333_200w.jpg,68,17698,https://cpt.tcgcsv.com/HxV5,2023-03-10T05:03:15.877,1,54.98,82.5,199.99,60.29,,Foil,SR,"[On Play] Give up to 2 of your opponent's Characters -3000 power during this turn. Then, if your Leader's type includes ""Whitebeard Pirates"", this Character gains [Rush] during this turn. <em>(This card can attack on the turn in which it is played.)</em>",Character,OP02-013,Red,7,7000,Whitebeard Pirates,Special,,
486334,Whitey Bay,Whitey Bay,https://tcgplayer-cdn.tcgplayer.com/product/486334_200w.jpg,68,17698,https://cpt.tcgcsv.com/JxV5,2023-03-10T05:03:15.877,1,0.04,0.19,5.0,0.11,,Normal,UC,[DON!! x1] This Character can also attack your opponent's active Characters.,Character,OP02-014,Red,1,2000,Whitebeard Pirates Allies,Slash,,1000
486335,Makino,Makino,https://tcgplayer-cdn.tcgplayer.com/product/486335_200w.jpg,68,17698,https://cpt.tcgcsv.com/KxV5,2024-11-08T20:17:48.877,1,0.07,0.25,4.99,0.13,,Normal,UC,[Activate:Main] <strong>You may rest this Character</strong>: Up to 1 of your red Characters with a cost of 1 gains +3000 power during this turn.,Character,OP02-015,Red,1,0,Windmill Village,Wisdom,,2000
486336,Magura,Magura,https://tcgplayer-cdn.tcgplayer.com/product/486336_200w.jpg,68,17698,https://cpt.tcgcsv.com/LxV5,2023-03-10T05:03:15.877,1,0.02,0.2,5.0,0.05,,Normal,C,[On Play] Up to 1 of your red Characters with a cost of 1 gains +3000 power during this turn.,Character,OP02-016,Red,1,2000,Mountain Bandits,Slash,,1000
486337,Masked Deuce,Masked Deuce,https://tcgplayer-cdn.tcgplayer.com/product/486337_200w.jpg,68,17698,https://cpt.tcgcsv.com/MxV5,2023-03-10T05:03:15.877,1,0.05,0.25,25.0,0.17,,Foil,R,[DON!! x2] [When Attacking] K.O. up to 1 of your opponent's Characters with 2000 power or less.,Character,OP02-017,Red,2,3000,Spade Pirates,Wisdom,,2000
486338,Marco,Marco,https://tcgplayer-cdn.tcgplayer.com/product/486338_200w.jpg,68,17698,https://cpt.tcgcsv.com/NxV5,2023-03-10T05:03:15.877,1,0.01,0.26,30.0,0.27,,Foil,R,"[Blocker] <em>(After your opponent declares an attack, you may rest this card to make it the new target of the attack.)</em>
<br>
[On K.O.] <strong>You may trash 1 card with a type including ""Whitebeard Pirates"" from your hand</strong>: If you have 2 or less Life cards, play this Character card from your trash rested.",Character,OP02-018,Red,4,5000,Whitebeard Pirates,Special,,1000
486339,Rakuyo,Rakuyo,https://tcgplayer-cdn.tcgplayer.com/product/486339_200w.jpg,68,17698,https://cpt.tcgcsv.com/PxV5,2023-03-10T05:03:15.877,1,0.02,0.17,5.0,0.09,,Normal,UC,"[DON!! x1] [Your Turn] All of your Characters with a type including ""Whitebeard Pirates"" gain +1000 power.",Character,OP02-019,Red,3,4000,Whitebeard Pirates,Strike,,1000
486340,LittleOars Jr.,LittleOars Jr,https://tcgplayer-cdn.tcgplayer.com/product/486340_200w.jpg,68,17698,https://cpt.tcgcsv.com/QxV5,2023-03-10T05:03:15.877,1,0.01,0.15,5.0,0.05,,Normal,C,,Character,OP02-020,Red,7,9000,Giant;Whitebeard Pirates Allies,Strike,,1000
486341,Seaquake,Seaquake,https://tcgplayer-cdn.tcgplayer.com/product/486341_200w.jpg,68,17698,https://cpt.tcgcsv.com/RxV5,2023-03-10T05:03:15.877,1,0.09,0.3,25.0,0.21,,Foil,R,"[Main] If your Leader's type includes ""Whitebeard Pirates"", K.O. up to 1 of your opponent's Characters with 3000 power or less.
<br>
[Trigger] Give up to 1 of your opponent's Leader or Character cards -3000 power during this turn.",Event,OP02-021,Red,1,,The Four Emperors;Whitebeard Pirates,,,
486342,Whitebeard Pirates,Whitebeard Pirates,https://tcgplayer-cdn.tcgplayer.com/product/486342_200w.jpg,68,17698,https://cpt.tcgcsv.com/SxV5,2023-03-10T05:03:15.877,1,0.1,0.25,10.0,0.18,,Normal,UC,"[Main] Look at 5 cards from the top of your deck; reveal up to 1 Character card with a type including ""Whitebeard Pirates"" and add it to your hand. Then, place the rest at the bottom of your deck in any order.
<br>
[Trigger] Activate this card's [Main] effect.",Event,OP02-022,Red,1,,Whitebeard Pirates,,,
486343,You May Be a Fool...but I Still Love You,You May Be a Foolbut I Still Love You,https://tcgplayer-cdn.tcgplayer.com/product/486343_200w.jpg,68,17698,https://cpt.tcgcsv.com/TxV5,2023-03-10T05:03:15.877,1,0.01,0.15,5.0,0.06,,Normal,C,"[Main] If you have 3 or less Life cards, you cannot add Life cards to your hand using your own effects during this turn.
<br>
[Trigger] Up to 1 of your Leader gains +1000 power during this turn.",Event,OP02-023,Red,1,,The Four Emperors;Whitebeard Pirates,,,
486344,Moby Dick,Moby Dick,https://tcgplayer-cdn.tcgplayer.com/product/486344_200w.jpg,68,17698,https://cpt.tcgcsv.com/VxV5,2023-03-10T05:03:15.877,1,0.01,0.25,5.0,0.2,,Normal,C,"[Your Turn] If you have 1 or less Life cards, your [Edward.Newgate] and all your Characters with a type including ""Whitebeard Pirates"" gain +2000 power.
<br>
[Trigger] Play this card.",Stage,OP02-024,Red,2,,Whitebeard Pirates,,,
486345,Kin'emon,Kinemon,https://tcgplayer-cdn.tcgplayer.com/product/486345_200w.jpg,68,17698,https://cpt.tcgcsv.com/WxV5,2023-03-10T05:03:15.877,1,0.1,0.25,35.0,0.21,,Normal,L,"[Activate:Main] [Once Per Turn] If you have 1 or less Characters, the next time you play a [Land of Wano] type Character card with a cost of 3 or more from your hand during this turn, the cost will be reduced by 1.",Leader,OP02-025,Green,,5000,Land of Wano;The Akazaya Nine,Slash,5,
486346,Sanji,Sanji,https://tcgplayer-cdn.tcgplayer.com/product/486346_200w.jpg,68,17698,https://cpt.tcgcsv.com/XxV5,2023-03-10T05:03:15.877,1,0.2,0.4,10.0,0.35,,Normal,L,"[Once Per Turn] When you play a Character with no base effect from your hand, if you have 3 or less Characters, set up to 2 of your DON!! cards as active.",Leader,OP02-026,Blue;Green,,5000,Straw Hat Crew,Strike,4,
486347,Inuarashi,Inuarashi,https://tcgplayer-cdn.tcgplayer.com/product/486347_200w.jpg,68,17698,https://cpt.tcgcsv.com/ZxV5,2023-03-10T05:03:15.877,1,0.03,0.2,5.0,0.12,,Normal,UC,"If all of your DON!! cards are rested, this Character cannot be removed from the field by your opponent's effects.",Character,OP02-027,Green,3,4000,Land of Wano;Minks;The Akazaya Nine,Slash,,1000
486348,Usopp,Usopp,https://tcgplayer-cdn.tcgplayer.com/product/486348_200w.jpg,68,17698,https://cpt.tcgcsv.com/-xV5,2023-03-10T05:03:15.877,1,0.01,0.15,5.0,0.08,,Normal,C,,Character,OP02-028,Green,3,5000,Film;Straw Hat Crew,Ranged,,1000
486349,Carrot,Carrot,https://tcgplayer-cdn.tcgplayer.com/product/486349_200w.jpg,68,17698,https://cpt.tcgcsv.com/_xV5,2023-03-10T05:03:15.877,1,0.2,0.5,10.0,0.38,,Foil,R,[End of Your Turn] Set up to 1 of your DON!! cards as active.,Character,OP02-029,Green,5,5000,Minks,Special,,2000
486350,Kouzuki Oden,Kouzuki Oden,https://tcgplayer-cdn.tcgplayer.com/product/486350_200w.jpg,68,17698,https://cpt.tcgcsv.com/0zV5,2023-03-10T05:03:15.877,1,0.6,1.09,15.0,0.86,,Foil,SR,"[Activate:Main] [Once Per Turn] (3) <em>(You may rest the specified number of DON!! cards in your cost area.)</em>: Set this Character as active.
<br>
[On K.O.] Play up to 1 green ""Land of Wano"" type Character card with a cost of 3 from your deck. Then, shuffle your deck.",Character,OP02-030,Green,8,8000,Land of Wano;Kouzuki Clan,Slash,,
486351,Kouzuki Toki,Kouzuki Toki,https://tcgplayer-cdn.tcgplayer.com/product/486351_200w.jpg,68,17698,https://cpt.tcgcsv.com/2zV5,2023-03-10T05:03:15.877,1,0.03,0.18,5.0,0.13,,Normal,UC,"If you have a [Kouzuki Oden] Character, this Character gains [Blocker]. <em>(After your opponent declares an attack, you may rest this card to make it the new target of the attack.)</em>",Character,OP02-031,Green,1,0,Land of Wano;Kouzuki Clan,Wisdom,,1000
486352,Shishilian,Shishilian,https://tcgplayer-cdn.tcgplayer.com/product/486352_200w.jpg,68,17698,https://cpt.tcgcsv.com/3zV5,2023-03-10T05:03:15.877,1,0.06,0.22,10.0,0.18,,Normal,UC,[On Play] (2) <em>(You may rest the specified number of DON!! cards in your cost area.): Set up to 1 of your [Minks] type Characters with a cost of 5 or less as active.,Character,OP02-032,Green,2,3000,Minks,Slash,,1000
486353,Jinbe,Jinbe,https://tcgplayer-cdn.tcgplayer.com/product/486353_200w.jpg,68,17698,https://cpt.tcgcsv.com/5zV5,2023-03-10T05:03:15.877,1,0.01,0.15,5.0,0.05,,Normal,C,,Character,OP02-033,Green,2,4000,Film;Fish-Man;Straw Hat Crew,Strike,,1000
486354,Tony Tony.Chopper,Tony TonyChopper,https://tcgplayer-cdn.tcgplayer.com/product/486354_200w.jpg,68,17698,https://cpt.tcgcsv.com/6zV5,2023-03-10T05:03:15.877,1,0.18,0.4,25.0,0.32,,Normal,UC,[DON!! x1] [When Attacking] Rest up to 1 of your opponent's Characters with a cost of 2 or less.,Character,OP02-034,Green,2,2000,Animal;Film;Straw Hat Crew,Wisdom,,2000
486355,Trafalgar Law,Trafalgar Law,https://tcgplayer-cdn.tcgplayer.com/product/486355_200w.jpg,68,17698,https://cpt.tcgcsv.com/7zV5,2023-03-10T05:03:15.877,1,0.02,0.18,5.0,0.1,,Normal,C,[Activate:Main] (1) <em>(You may rest the specified number of DON!! cards in your cost area.)</em> <strong>You may return this Character to the owner's hand</strong>: Play up to 1 Character with a cost of 3 from your hand.,Character,OP02-035,Green,2,3000,Film;Heart Pirates;Supernovas,Slash,,1000
486356,Nami,Nami,https://tcgplayer-cdn.tcgplayer.com/product/486356_200w.jpg,68,17698,https://cpt.tcgcsv.com/8zV5,2023-03-10T05:03:15.877,1,3.91,5.0,42.11,4.12,,Foil,SR,"[On Play]/[When Attacking] (1) <em>(You may rest the specified number of DON!! cards in your cost area.)</em>: Look at 3 cards from the top of your deck; reveal up to 1 ""FILM"" type card other than [Nami] and add it to your hand. Then, place the rest at the bottom of your deck in any order.",Character,OP02-036,Green,3,5000,Film;Straw Hat Crew,Special,,
486357,Nico Robin,Nico Robin,https://tcgplayer-cdn.tcgplayer.com/product/486357_200w.jpg,68,17698,https://cpt.tcgcsv.com/9zV5,2023-03-10T05:03:15.877,1,0.06,0.23,5.0,0.22,,Normal,UC,[On Play] Play up to 1 [FILM] or [Straw Hat Crew] type Character card with a cost of 2 or less from your hand.,Character,OP02-037,Green,3,4000,Film;Straw Hat Crew,Strike,,1000
486359,Nekomamushi,Nekomamushi,https://tcgplayer-cdn.tcgplayer.com/product/486359_200w.jpg,68,17698,https://cpt.tcgcsv.com/czV5,2023-03-10T05:03:15.877,1,0.03,0.18,5.0,0.12,,Normal,C,"[Blocker] <em>(After your opponent declares an attack, you may rest this card to make it the new target of the attack.)</em>",Character,OP02-038,Green,3,4000,Land of Wano;Minks;The Akazaya Nine,Slash,,
486361,Franky,Franky,https://tcgplayer-cdn.tcgplayer.com/product/486361_200w.jpg,68,17698,https://cpt.tcgcsv.com/fzV5,2023-03-10T05:03:15.877,1,0.01,0.15,5.0,0.1,,Normal,C,,Character,OP02-039,Green,5,7000,Film;Straw Hat Crew,Special,,1000
486363,Brook,Brook,https://tcgplayer-cdn.tcgplayer.com/product/486363_200w.jpg,68,17698,https://cpt.tcgcsv.com/hzV5,2024-02-02T14:00:59.567,1,0.15,0.4,5.0,0.39,,Foil,R,[On Play] Play up to 1 [FILM] or [Straw Hat Crew] type Character card with a cost of 3 or less from your hand.,Character,OP02-040,Green,4,5000,Straw Hat Crew,Slash,,1000
486363,Brook,Brook,https://tcgplayer-cdn.tcgplayer.com/product/486363_200w.jpg,68,17698,https://cpt.tcgcsv.com/hzV5,2024-02-02T14:00:59.567,1,0.04,0.28,5.0,0.24,,Normal,R,[On Play] Play up to 1 [FILM] or [Straw Hat Crew] type Character card with a cost of 3 or less from your hand.,Character,OP02-040,Green,4,5000,Straw Hat Crew,Slash,,1000
486367,Monkey.D.Luffy (041),MonkeyDLuffy 041,https://tcgplayer-cdn.tcgplayer.com/product/486367_200w.jpg,68,17698,https://cpt.tcgcsv.com/mzV5,2024-02-12T13:46:08.45,1,0.25,0.95,14.88,0.89,,Foil,R,"[Blocker] <em>(After your opponent declares an attack, you may rest this card to make it the new target of the attack.)</em>
<br>
[On Play] Play up to 1 ""FILM"" or ""Straw Hat Crew"" type Character card with a cost of 4 or less from your hand.",Character,OP02-041,Green,7,7000,Straw Hat Crew;Supernovas,Strike,,
486367,Monkey.D.Luffy (041),MonkeyDLuffy 041,https://tcgplayer-cdn.tcgplayer.com/product/486367_200w.jpg,68,17698,https://cpt.tcgcsv.com/mzV5,2024-02-12T13:46:08.45,1,0.13,0.45,14.0,0.34,,Normal,R,"[Blocker] <em>(After your opponent declares an attack, you may rest this card to make it the new target of the attack.)</em>
<br>
[On Play] Play up to 1 ""FILM"" or ""Straw Hat Crew"" type Character card with a cost of 4 or less from your hand.",Character,OP02-041,Green,7,7000,Straw Hat Crew;Supernovas,Strike,,
486369,Yamato,Yamato,https://tcgplayer-cdn.tcgplayer.com/product/486369_200w.jpg,68,17698,https://cpt.tcgcsv.com/pzV5,2023-03-10T05:03:15.877,1,0.1,0.46,25.0,0.35,,Foil,R,"Also treat this card's name as [Kouzuki Oden] according to the rules.
<br>
[On Play] Rest up to 1 of your opponent's Characters with a cost of 6 or less.",Character,OP02-042,Green,4,6000,Land of Wano,Strike,,
486371,Roronoa Zoro,Roronoa Zoro,https://tcgplayer-cdn.tcgplayer.com/product/486371_200w.jpg,68,17698,https://cpt.tcgcsv.com/rzV5,2023-03-10T05:03:15.877,1,0.02,0.2,5.0,0.12,,Normal,C,,Character,OP02-043,Green,4,6000,Film;Straw Hat Crew;Supernovas,Slash,,1000
486374,Wanda,Wanda,https://tcgplayer-cdn.tcgplayer.com/product/486374_200w.jpg,68,17698,https://cpt.tcgcsv.com/vzV5,2023-03-10T05:03:15.877,1,0.01,0.15,5.0,0.06,,Normal,C,[On Play] Play up to 1 [Minks] type Character card other than [Wanda] with a cost of 3 or less from your hand.,Character,OP02-044,Green,2,3000,Minks,Slash,,1000
486375,Three Sword Style Oni Giri,Three Sword Style Oni Giri,https://tcgplayer-cdn.tcgplayer.com/product/486375_200w.jpg,68,17698,https://cpt.tcgcsv.com/wzV5,2023-03-10T05:03:15.877,1,0.01,0.15,5.0,0.05,,Normal,C,"[Counter] Up to 1 of your Leader or Character cards gains +6000 power during this battle. Then, play up to 1 Character card with a cost of 3 or less and no base effect from your hand.
<br>
[Trigger] Rest up to 1 of your opponent's Leader or Character cards with a cost of 5 or less.",Event,OP02-045,Green,3,,Film;Straw Hat Crew;Supernovas,,,
486378,Diable Jambe Venaison Shoot,Diable Jambe Venaison Shoot,https://tcgplayer-cdn.tcgplayer.com/product/486378_200w.jpg,68,17698,https://cpt.tcgcsv.com/BzV5,2023-03-10T05:03:15.877,1,0.02,0.18,5.0,0.08,,Normal,UC,"[Main] K.O. up to 1 of your opponent's rested Characters with a cost of 4 or less.
<br>
[Trigger] Play up to 1 Character card with a cost of 4 or less and no base effect from your hand.",Event,OP02-046,Green,2,,Film;Straw Hat Crew,,,
486380,Paradise Totsuka,Paradise Totsuka,https://tcgplayer-cdn.tcgplayer.com/product/486380_200w.jpg,68,17698,https://cpt.tcgcsv.com/DzV5,2023-03-10T05:03:15.877,1,0.05,0.28,10.0,0.28,,Foil,R,"[Main] Rest up to 1 of your opponent's Characters with a cost of 4 or less.
<br>
[Trigger] K.O. up to 1 of your opponent's rested Characters with a cost of 3 or less.",Event,OP02-047,Green,1,,Land of Wano;Kouzuki Clan,,,
486382,Land of Wano,Land of Wano,https://tcgplayer-cdn.tcgplayer.com/product/486382_200w.jpg,68,17698,https://cpt.tcgcsv.com/GzV5,2023-03-10T05:03:15.877,1,0.01,0.15,5.0,0.08,,Normal,C,[Activate:Main] <strong>You may trash 1 [Land of Wano] type card from your hand and rest this Stage</strong>: Set up to 1 of your DON!! cards as active.,Stage,OP02-048,Green,1,,Land of Wano,,,
486387,Emporio.Ivankov (049),EmporioIvankov 049,https://tcgplayer-cdn.tcgplayer.com/product/486387_200w.jpg,68,17698,https://cpt.tcgcsv.com/MzV5,2023-03-10T05:03:15.877,1,0.05,0.25,10.0,0.23,,Normal,L,"[End of Your Turn] If you have 0 cards in your hand, draw 2 cards.",Leader,OP02-049,Blue,,5000,Revolutionary Army;Impel Down,Special,5,
486389,Inazuma,Inazuma,https://tcgplayer-cdn.tcgplayer.com/product/486389_200w.jpg,68,17698,https://cpt.tcgcsv.com/PzV5,2023-03-10T05:03:15.877,1,0.05,0.25,25.0,0.16,,Foil,R,"If you have 1 or less cards in your hand, this Character gains +2000 power.
<br>
[Blocker] <em>(After your opponent declares an attack, you may rest this card to make it the new target of the attack.)</em>",Character,OP02-050,Blue,4,5000,Revolutionary Army;Impel Down,Slash,,1000
486390,Emporio.Ivankov (051),EmporioIvankov 051,https://tcgplayer-cdn.tcgplayer.com/product/486390_200w.jpg,68,17698,https://cpt.tcgcsv.com/QzV5,2023-03-10T05:03:15.877,1,0.2,0.82,50.0,0.55,,Foil,SR,[On Play] Draw card(s) so that you have 3 cards in your hand and then play up to 1 blue [Impel Down] type Character card with a cost of 6 or less from your hand.,Character,OP02-051,Blue,7,7000,Revolutionary Army;Impel Down,Special,,
486391,Cabaji,Cabaji,https://tcgplayer-cdn.tcgplayer.com/product/486391_200w.jpg,68,17698,https://cpt.tcgcsv.com/RzV5,2023-03-10T05:03:15.877,1,0.01,0.15,5.0,0.06,,Normal,C,"[On Play] If you have [Mohji], draw 2 cards and trash 1 card from your hand.",Character,OP02-052,Blue,2,3000,Buggy Pirates,Slash,,1000
486392,Crocodile,Crocodile,https://tcgplayer-cdn.tcgplayer.com/product/486392_200w.jpg,68,17698,https://cpt.tcgcsv.com/SzV5,2023-03-10T05:03:15.877,1,0.01,0.15,5.0,0.07,,Normal,C,,Character,OP02-053,Blue,5,7000,Impel Down;Former Baroque Works,Special,,1000
486393,Gecko Moria,Gecko Moria,https://tcgplayer-cdn.tcgplayer.com/product/486393_200w.jpg,68,17698,https://cpt.tcgcsv.com/TzV5,2023-03-10T05:03:15.877,1,0.01,0.15,5.0,0.09,,Normal,C,,Character,OP02-054,Blue,4,6000,The Seven Warlords of the Sea;Thriller Bark Pirates,Special,,1000
486394,Dracule Mihawk,Dracule Mihawk,https://tcgplayer-cdn.tcgplayer.com/product/486394_200w.jpg,68,17698,https://cpt.tcgcsv.com/VzV5,2023-03-10T05:03:15.877,1,0.02,0.15,5.0,0.1,,Normal,C,,Character,OP02-055,Blue,6,8000,The Seven Warlords of the Sea,Slash,,1000
486395,Donquixote Doflamingo,Donquixote Doflamingo,https://tcgplayer-cdn.tcgplayer.com/product/486395_200w.jpg,68,17698,https://cpt.tcgcsv.com/WzV5,2023-03-10T05:03:15.877,1,0.04,0.2,5.0,0.12,,Normal,UC,"[On Play] Look at 3 cards from the top of your deck and place them at the top or bottom of the deck in any order.
<br>
[DON!! x1] [When Attacking] <strong>You may trash 1 card from your hand</strong>: Place up to 1 of your opponent's Characters with a cost of 1 or less at the bottom of the owner's deck.",Character,OP02-056,Blue,1,2000,Donquixote Pirates;The Seven Warlords of the Sea,Special,,
486396,Bartholomew Kuma,Bartholomew Kuma,https://tcgplayer-cdn.tcgplayer.com/product/486396_200w.jpg,68,17698,https://cpt.tcgcsv.com/XzV5,2023-03-10T05:03:15.877,1,0.01,0.18,5.0,0.08,,Normal,UC,"[On Play] Look at 2 cards from the top of your deck; reveal up to 1 [The Seven Warlords of the Sea] type card and add it to your hand. Then, place the rest at the top or bottom of the deck in any order.",Character,OP02-057,Blue,3,3000,Revolutionary Army;The Seven Warlords of the Sea,Strike,,1000
486397,Buggy,Buggy,https://tcgplayer-cdn.tcgplayer.com/product/486397_200w.jpg,68,17698,https://cpt.tcgcsv.com/ZzV5,2023-03-10T05:03:15.877,1,0.15,0.49,5.0,0.38,,Foil,R,"[On Play] Look at 5 cards from the top of your deck; reveal up to 1 blue [Impel Down] type card other than [Buggy] and add it to your hand. Then, place the rest at the bottom of your deck in any order.",Character,OP02-058,Blue,1,2000,Buggy Pirates;Impel Down,Slash,,1000
486398,Boa Hancock,Boa Hancock,https://tcgplayer-cdn.tcgplayer.com/product/486398_200w.jpg,68,17698,https://cpt.tcgcsv.com/-zV5,2023-03-10T05:03:15.877,1,0.1,0.25,10.0,0.22,,Normal,UC,"[When Attacking] Draw 1 card and trash 1 card from your hand. Then, trash up to 3 cards from your hand.",Character,OP02-059,Blue,4,5000,Kuja Pirates;The Seven Warlords of the Sea;Impel Down,Special,,1000
486399,Mohji,Mohji,https://tcgplayer-cdn.tcgplayer.com/product/486399_200w.jpg,68,17698,https://cpt.tcgcsv.com/_zV5,2023-03-10T05:03:15.877,1,0.01,0.15,5.0,0.05,,Normal,C,,Character,OP02-060,Blue,1,3000,Buggy Pirates,Wisdom,,1000
486400,Morley,Morley,https://tcgplayer-cdn.tcgplayer.com/product/486400_200w.jpg,68,17698,https://cpt.tcgcsv.com/0BV5,2023-03-10T05:03:15.877,1,0.01,0.18,5.0,0.05,,Normal,UC,"[When Attacking] If you have 1 or less cards in your hand, your opponent cannot activate the [Blocker] of any Character with a cost of 5 or less during this battle.",Character,OP02-061,Blue,4,5000,Giant;Revolutionary Army,Special,,1000
486401,Mr.1 (Daz.Bonez),Mr1 DazBonez,https://tcgplayer-cdn.tcgplayer.com/product/486401_200w.jpg,68,17698,https://cpt.tcgcsv.com/2BV5,2023-03-10T05:03:15.877,1,0.1,0.25,10.0,0.15,,Normal,UC,[On Play] Add up to 1 blue Event card with a cost of 1 from your trash to your hand.,Character,OP02-063,Blue,1,1000,Impel Down;Former Baroque Works,Slash,,1000
486402,Mr.2.Bon.Kurei (Bentham),Mr2BonKurei Bentham,https://tcgplayer-cdn.tcgplayer.com/product/486402_200w.jpg,68,17698,https://cpt.tcgcsv.com/3BV5,2023-03-10T05:03:15.877,1,0.14,0.32,25.0,0.24,,Foil,R,"[DON!! x1] [When Attacking] <strong>You may trash 1 card from your hand</strong>: Place up to 1 Character with a cost of 2 or less at the bottom of the owner's deck. Then, at the end of this battle, place this Character at the bottom of the owner's deck.",Character,OP02-064,Blue,5,5000,Impel Down;Former Baroque Works,Strike,,2000
486403,Mr.3 (Galdino),Mr3 Galdino,https://tcgplayer-cdn.tcgplayer.com/product/486403_200w.jpg,68,17698,https://cpt.tcgcsv.com/5BV5,2023-03-10T05:03:15.877,1,0.04,0.25,25.0,0.21,,Foil,R,"[Blocker] <em>(After your opponent declares an attack, you may rest this card to make it the new target of the attack.)</em>
<br>
[End of Your Turn] <strong>You may trash 1 card from your hand</strong>: Set this Character as active.",Character,OP02-065,Blue,4,5000,Impel Down;Former Baroque Works,Special,,1000
486404,Impel Down All Stars,Impel Down All Stars,https://tcgplayer-cdn.tcgplayer.com/product/486404_200w.jpg,68,17698,https://cpt.tcgcsv.com/6BV5,2023-03-10T05:03:15.877,1,0.1,0.25,5.0,0.23,,Normal,C,"[Main] <strong>You may trash 2 cards from your hand</strong>: If your Leader has the [Impel Down] type, draw up to 2 cards.
<br>
[Trigger] Draw 2 cards.",Event,OP02-066,Blue,1,,Impel Down,,,
486405,Arabesque Brick Fist,Arabesque Brick Fist,https://tcgplayer-cdn.tcgplayer.com/product/486405_200w.jpg,68,17698,https://cpt.tcgcsv.com/7BV5,2023-03-10T05:03:15.877,1,0.1,0.25,5.0,0.21,,Normal,UC,"[Main] Return up to 1 Character with a cost of 4 or less to the owner's hand.
<br>
[Trigger] Activate this card's [Main] effect.",Event,OP02-067,Blue,2,,Fish-Man;Impel Down,,,
486406,Gum-Gum Rain,Gum Gum Rain,https://tcgplayer-cdn.tcgplayer.com/product/486406_200w.jpg,68,17698,https://cpt.tcgcsv.com/8BV5,2023-03-10T05:03:15.877,1,0.31,0.65,25.0,0.55,,Foil,R,"[Counter] <strong>You may trash 1 card from your hand</strong>: Up to 1 of your Leader or Character cards gains +3000 power during this battle.
<br>
[Trigger] Return up to 1 Character with a cost of 2 or less to the owner's hand.",Event,OP02-068,Blue,0,,Straw Hat Crew;Impel Down,,,
486407,DEATH WINK,DEATH WINK,https://tcgplayer-cdn.tcgplayer.com/product/486407_200w.jpg,68,17698,https://cpt.tcgcsv.com/9BV5,2023-03-10T05:03:15.877,1,0.02,0.2,5.0,0.12,,Normal,C,"[Counter] Up to 1 of your Leader or Character cards gains +6000 power during this battle. Then, draw cards so that you have 2 cards in your hand.
<br>
[Trigger] Return up to 1 Character with a cost of 7 or less to the owner's hand.",Event,OP02-069,Blue,3,,Revolutionary Army;Impel Down,,,
486408,New Kama Land,New Kama Land,https://tcgplayer-cdn.tcgplayer.com/product/486408_200w.jpg,68,17698,https://cpt.tcgcsv.com/bBV5,2023-03-10T05:03:15.877,1,0.01,0.15,5.0,0.09,,Normal,C,"[Activate:Main] <strong>You may rest this Stage</strong>: If your Leader is [Emporio.Ivankov], draw 1 card and trash 1 card from your hand. Then, trash up to 3 cards from your hand.",Stage,OP02-070,Blue,1,,Impel Down,,,
486410,Magellan (071),Magellan 071,https://tcgplayer-cdn.tcgplayer.com/product/486410_200w.jpg,68,17698,https://cpt.tcgcsv.com/dBV5,2023-03-10T05:03:15.877,1,0.1,0.29,10.0,0.25,,Normal,L,"[Your Turn] [Once Per Turn] When a DON!! card on your field is returned to your DON!! deck, this Leader gains +1000 power during this turn.",Leader,OP02-071,Purple,,6000,Impel Down,Special,5,
486413,Little Sadi,Little Sadi,https://tcgplayer-cdn.tcgplayer.com/product/486413_200w.jpg,68,17698,https://cpt.tcgcsv.com/hBV5,2023-03-10T05:03:15.877,1,0.07,0.25,25.0,0.21,,Foil,R,[On Play] Play up to 1 [Jailer Beast] type Character card from your hand.,Character,OP02-073,Purple,3,3000,Impel Down,Wisdom,,2000
486416,Saldeath,Saldeath,https://tcgplayer-cdn.tcgplayer.com/product/486416_200w.jpg,68,17698,https://cpt.tcgcsv.com/lBV5,2023-03-10T05:03:15.877,1,0.01,0.15,5.0,0.06,,Normal,C,"Your [Blugori] gains [Blocker]. <em>(After your opponent declares an attack, you may rest this card to make it the new target of the attack.)</em>",Character,OP02-074,Purple,1,2000,Impel Down,Wisdom,,1000
486419,Shiki,Shiki,https://tcgplayer-cdn.tcgplayer.com/product/486419_200w.jpg,68,17698,https://cpt.tcgcsv.com/pBV5,2023-03-10T05:03:15.877,1,0.06,0.25,25.0,0.16,,Foil,R,[Trigger] DON!! -1 <em>(You may return the specified number of DON!! cards from your field to your DON!! deck.)</em>: Play this card.,Character,OP02-075,Purple,2,3000,FILM;Golden Lion Pirates,Slash,,2000
486422,Shiryu,Shiryu,https://tcgplayer-cdn.tcgplayer.com/product/486422_200w.jpg,68,17698,https://cpt.tcgcsv.com/sBV5,2023-03-10T05:03:15.877,1,0.03,0.25,25.0,0.14,,Foil,R,[On Play] DON!! -1 <em>(You may return the specified number of DON!! cards from your field to your DON!! deck.): K.O. up to 1 of your opponent's Characters with a cost of 1 or less.,Character,OP02-076,Purple,4,5000,Impel Down,Slash,,1000
486425,Solitaire,Solitaire,https://tcgplayer-cdn.tcgplayer.com/product/486425_200w.jpg,68,17698,https://cpt.tcgcsv.com/wBV5,2023-07-06T14:25:31.997,1,0.01,0.18,5.0,0.06,,Normal,C,,Character,OP02-077,Purple,3,5000,Animal Kingdom Pirates;SMILE,Slash,,1000
486433,Daifugo,Daifugo,https://tcgplayer-cdn.tcgplayer.com/product/486433_200w.jpg,68,17698,https://cpt.tcgcsv.com/HBV5,2023-07-06T14:25:40.13,1,0.02,0.18,5.0,0.07,,Normal,UC,[On Play] DON!! -2 <em>(You may return the specified number of DON!! cards from your field to your DON!! deck.)</em>: Play up to 1 [SMILE] type Character card other than [Daifugo] with a cost of 3 or less from your hand.,Character,OP02-078,Purple,3,5000,Animal Kingdom Pirates;SMILE,Ranged,,
486436,Douglas Bullet,Douglas Bullet,https://tcgplayer-cdn.tcgplayer.com/product/486436_200w.jpg,68,17698,https://cpt.tcgcsv.com/LBV5,2023-03-10T05:03:15.877,1,0.01,0.19,5.0,0.08,,Normal,UC,[On Play] DON!! -1 <em>(You may return the specified number of DON!! cards from your field to your DON!! deck.)</em>: Rest up to 1 of your opponent's Characters with a cost of 4 or less.,Character,OP02-079,Purple,5,6000,FILM;The Pirates Fest,Special,,1000
486438,Dobon,Dobon,https://tcgplayer-cdn.tcgplayer.com/product/486438_200w.jpg,68,17698,https://cpt.tcgcsv.com/NBV5,2023-07-06T14:25:54.247,1,0.01,0.15,5.0,0.05,,Normal,C,,Character,OP02-080,Purple,2,4000,Animal Kingdom Pirates;SMILE,Strike,,1000
486441,Domino,Domino,https://tcgplayer-cdn.tcgplayer.com/product/486441_200w.jpg,68,17698,https://cpt.tcgcsv.com/RBV5,2023-03-10T05:03:15.877,1,0.01,0.15,5.0,0.06,,Normal,C,"[Blocker] <em>(After your opponent declares an attack, you may rest this card to make it the new target of the attack.)</em>",Character,OP02-081,Purple,2,2000,Impel Down,Wisdom,,1000
486445,Byrnndi World,Byrnndi World,https://tcgplayer-cdn.tcgplayer.com/product/486445_200w.jpg,68,17698,https://cpt.tcgcsv.com/WBV5,2023-03-10T05:03:15.877,1,0.01,0.2,5.0,0.06,,Normal,UC,[Activate:Main] DON!! -8 <em>(You may return the specified number of DON!! cards from your field to your DON!! deck.)</em>: This Character gains +792000 power during this turn.,Character,OP02-082,Purple,8,8000,World Pirates,Strike,,
486448,Hannyabal,Hannyabal,https://tcgplayer-cdn.tcgplayer.com/product/486448_200w.jpg,68,17698,https://cpt.tcgcsv.com/-BV5,2023-03-10T05:03:15.877,1,0.09,0.25,50.0,0.18,,Foil,R,"[On Play] Look at 5 cards from the top of your deck; reveal up to 1 purple [Impel Down] type card other than [Hannyabal] and add it to your hand. Then, place the rest at the bottom of your deck in any order.",Character,OP02-083,Purple,1,2000,Impel Down,Slash,,1000
486451,Blugori,Blugori,https://tcgplayer-cdn.tcgplayer.com/product/486451_200w.jpg,68,17698,https://cpt.tcgcsv.com/2CV5,2023-03-10T05:03:15.877,1,0.01,0.15,47.54,0.06,,Normal,C,,Character,OP02-084,Purple,1,3000,Animal;Impel Down,Slash,,1000
486452,Magellan (085),Magellan 085,https://tcgplayer-cdn.tcgplayer.com/product/486452_200w.jpg,68,17698,https://cpt.tcgcsv.com/3CV5,2023-03-10T05:03:15.877,1,0.5,2.32,50.0,1.14,,Foil,SR,"[On Play] DON!! -1 <em>(You may return the specified number of DON!! cards from your field to your DON!! deck.)</em>: Your opponent returns 1 DON!! card from their field to their DON!! deck.
<br>
[Opponent's Turn] When this Character is K.O.'d, your opponent returns 2 DON!! cards from their field to their DON!! deck.",Character,OP02-085,Purple,5,6000,Impel Down,Special,,
486453,Minokoala,Minokoala,https://tcgplayer-cdn.tcgplayer.com/product/486453_200w.jpg,68,17698,https://cpt.tcgcsv.com/5CV5,2023-03-10T05:03:15.877,1,0.04,0.2,5.0,0.11,,Normal,UC,"[Blocker] <em>(After your opponent declares an attack, you may rest this card to make it the new target of the attack.)</em>
<br>
[On K.O.] If your Leader has the [Impel Down] type, add up to 1 DON!! card from your DON!! deck and rest it.",Character,OP02-086,Purple,4,5000,Impel Down;Jailer Beast,Strike,,1000
486454,Minotaur,Minotaur,https://tcgplayer-cdn.tcgplayer.com/product/486454_200w.jpg,68,17698,https://cpt.tcgcsv.com/6CV5,2023-03-10T05:03:15.877,1,0.06,0.2,5.0,0.13,,Normal,UC,"[Double Attack] <em>(This card deals 2 damage.)</em>
<br>
[On K.O.] If your Leader has the [Impel Down] type, add up to 1 DON!! card from your DON!! deck and rest it.",Character,OP02-087,Purple,4,5000,Impel Down;Jailer Beast,Strike,,1000
486455,Sphinx,Sphinx,https://tcgplayer-cdn.tcgplayer.com/product/486455_200w.jpg,68,17698,https://cpt.tcgcsv.com/7CV5,2023-03-10T05:03:15.877,1,0.01,0.15,5.0,0.05,,Normal,C,,Character,OP02-088,Purple,4,6000,Animal;Impel Down,Strike,,1000
486456,Judgment of Hell,Judgment of Hell,https://tcgplayer-cdn.tcgplayer.com/product/486456_200w.jpg,68,17698,https://cpt.tcgcsv.com/8CV5,2023-03-10T05:03:15.877,1,0.05,0.45,10.0,0.27,,Foil,R,"[Counter] DON!! -1 <em>(You may return the specified number of DON!! cards from your field to your DON!! deck.)</em>: Give up to a total of 2 of your opponent's Leader or Character cards -3000 power during this turn.
<br>
[Trigger] If your opponent has 6 or more DON!! cards on their field, your opponent returns 1 DON!! card from their field to their DON!! deck.",Event,OP02-089,Purple,2,,Impel Down,,,
486457,Hydra,Hydra,https://tcgplayer-cdn.tcgplayer.com/product/486457_200w.jpg,68,17698,https://cpt.tcgcsv.com/9CV5,2023-03-10T05:03:15.877,1,0.03,0.2,5.0,0.08,,Normal,UC,"[Main] DON!! -1 <em>(You may return the specified number of DON!! cards from your field to your DON!! deck.)</em>: Give up to 1 of your opponent's Characters -3000 power during this turn.
<br>
[Trigger] If your opponent has 6 or more DON!! cards on their field, your opponent returns 1 DON!! card from their field to their DON!! deck.",Event,OP02-090,Purple,1,,Impel Down,,,
486458,Venom Road,Venom Road,https://tcgplayer-cdn.tcgplayer.com/product/486458_200w.jpg,68,17698,https://cpt.tcgcsv.com/bCV5,2023-03-10T05:03:15.877,1,0.01,0.15,5.0,0.06,,Normal,C,"[Main] Add up to 1 DON!! card from your DON!! deck and set it as active.
<br>
[Trigger] If your opponent has 6 or more DON!! cards on their field, your opponent returns 1 DON!! card from their field to their DON!! deck.",Event,OP02-091,Purple,3,,Impel Down,,,
486460,Impel Down,Impel Down,https://tcgplayer-cdn.tcgplayer.com/product/486460_200w.jpg,68,17698,https://cpt.tcgcsv.com/dCV5,2023-03-10T05:03:15.877,1,0.01,0.15,5.0,0.08,,Normal,C,"[Activate:Main] <strong>You may trash 1 card from your hand and rest this Stage</strong>: Look at 3 cards from the top of your deck; reveal up to 1 [Impel Down] type card and add it to your hand. Then, place the rest at the bottom of your deck in any order.",Stage,OP02-092,Purple,1,,Impel Down,,,
486462,Smoker (093),Smoker 093,https://tcgplayer-cdn.tcgplayer.com/product/486462_200w.jpg,68,17698,https://cpt.tcgcsv.com/gCV5,2023-03-10T05:03:15.877,1,0.1,0.35,10.0,0.35,,Normal,L,"[DON!! x1] [Activate:Main] [Once Per Turn] Give up to 1o of your opponent's Characters -1 cost during this turn. Then, if there is a Character with a cost of 0, this Leader gains +1000 power during this turn.",Leader,OP02-093,Black,,5000,Navy,Special,5,
486464,Isuka,Isuka,https://tcgplayer-cdn.tcgplayer.com/product/486464_200w.jpg,68,17698,https://cpt.tcgcsv.com/jCV5,2023-03-10T05:03:15.877,1,0.02,0.2,10.0,0.09,,Normal,UC,"[DON!! x1] [Once Per Turn] When this Character battles and K.O.'s your opponent's Character, set this Character as active.",Character,OP02-094,Black,3,4000,Navy,Slash,,1000
486467,Onigumo,Onigumo,https://tcgplayer-cdn.tcgplayer.com/product/486467_200w.jpg,68,17698,https://cpt.tcgcsv.com/mCV5,2024-01-04T21:54:41.717,1,0.01,0.19,10.0,0.08,,Normal,UC,"If there is a Character with a cost of 0, this Character gains [Banish]. <em>(When this card deals damage, the target card is trashed without activating its Trigger.)</em>",Character,OP02-095,Black,5,6000,Navy,Slash,,1000
486468,Kuzan (096),Kuzan 096,https://tcgplayer-cdn.tcgplayer.com/product/486468_200w.jpg,68,17698,https://cpt.tcgcsv.com/nCV5,2023-03-10T05:03:15.877,1,0.4,0.99,50.0,0.55,,Foil,SR,"[On Play] Draw 1 card.
<br>
[When Attacking] Give up to 1 of your opponent's Characters -4 cost during this turn.",Character,OP02-096,Black,4,5000,Navy,Special,,
486471,Komille,Komille,https://tcgplayer-cdn.tcgplayer.com/product/486471_200w.jpg,68,17698,https://cpt.tcgcsv.com/rCV5,2023-03-10T05:03:15.877,1,0.01,0.15,5.0,0.04,,Normal,C,,Character,OP02-097,Black,1,3000,Navy,Slash,,1000
486474,Koby,Koby,https://tcgplayer-cdn.tcgplayer.com/product/486474_200w.jpg,68,17698,https://cpt.tcgcsv.com/vCV5,2023-03-10T05:03:15.877,1,0.09,0.25,50.0,0.23,,Foil,R,[On Play] <strong>You may trash 1 card from your hand</strong>: K.O. up to 1 of your opponent's Characters with a cost of 3 or less.,Character,OP02-098,Black,3,4000,Navy,Strike,,1000
486477,Jango,Jango,https://tcgplayer-cdn.tcgplayer.com/product/486477_200w.jpg,68,17698,https://cpt.tcgcsv.com/zCV5,2023-03-10T05:03:15.877,1,0.01,0.15,5.0,0.05,,Normal,C,"If you have [Fullbody], this Character cannot be K.O.'d in battle.",Character,OP02-100,Black,2,3000,Navy,Slash,,1000
486480,Strawberry,Strawberry,https://tcgplayer-cdn.tcgplayer.com/product/486480_200w.jpg,68,17698,https://cpt.tcgcsv.com/DCV5,2023-03-10T05:03:15.877,1,0.01,0.15,5.0,0.06,,Normal,C,"[When Attacking] If there is a Character with a cost of 0, your opponent cannot activate the [Blocker] of any Character with a cost of 5 or less during this battle.",Character,OP02-101,Black,4,5000,Navy,Slash,,
486481,Smoker (102),Smoker 102,https://tcgplayer-cdn.tcgplayer.com/product/486481_200w.jpg,68,17698,https://cpt.tcgcsv.com/FCV5,2023-03-10T05:03:15.877,1,0.01,0.25,35.0,0.19,,Foil,R,"This Character cannot be K.O.'d by effects.
<br>
[When Attacking] If there is a Character with a cost of 0, this Character gains +2000 power during this battle.",Character,OP02-102,Black,3,4000,Navy,Special,,1000
486482,Sengoku,Sengoku,https://tcgplayer-cdn.tcgplayer.com/product/486482_200w.jpg,68,17698,https://cpt.tcgcsv.com/GCV5,2023-03-10T05:03:15.877,1,0.05,0.25,25.99,0.22,,Foil,R,[DON!! x1] [When Attacking] Give up to 1 of your opponent's Characters -2 cost during this turn.,Character,OP02-103,Black,2,3000,Navy,Wisdom,,2000
486483,Sentomaru,Sentomaru,https://tcgplayer-cdn.tcgplayer.com/product/486483_200w.jpg,68,17698,https://cpt.tcgcsv.com/HCV5,2023-03-10T05:03:15.877,1,0.01,0.15,5.0,0.03,,Normal,C,[Trigger] Play this card.,Character,OP02-104,Black,2,3000,Navy,Slash,,1000
486484,Tsuru,Tsuru,https://tcgplayer-cdn.tcgplayer.com/product/486484_200w.jpg,68,17698,https://cpt.tcgcsv.com/JCV5,2024-11-08T20:18:40.37,1,0.02,0.25,10.0,0.13,,Normal,UC,[On Play] Give up to 1 of your opponent's Characters -2 cost during this turn.,Character,OP02-106,Black,1,0,Navy,Wisdom,,2000
486485,Doberman,Doberman,https://tcgplayer-cdn.tcgplayer.com/product/486485_200w.jpg,68,17698,https://cpt.tcgcsv.com/KCV5,2023-03-10T05:03:15.877,1,0.01,0.15,5.0,0.04,,Normal,C,,Character,OP02-107,Black,2,4000,Navy,Strike,,1000
486486,Donquixote Rosinante,Donquixote Rosinante,https://tcgplayer-cdn.tcgplayer.com/product/486486_200w.jpg,68,17698,https://cpt.tcgcsv.com/LCV5,2023-03-10T05:03:15.877,1,0.02,0.16,5.0,0.08,,Normal,C,"[Blocker] <em>(After your opponent declares an attack, you may rest this card to make it the new target of the attack.)</em>",Character,OP02-108,Black,2,2000,Donquixote Pirates;Navy,Special,,1000
486487,Jaguar.D.Saul,JaguarDSaul,https://tcgplayer-cdn.tcgplayer.com/product/486487_200w.jpg,68,17698,https://cpt.tcgcsv.com/MCV5,2023-03-10T05:03:15.877,1,0.01,0.15,5.0,0.06,,Normal,C,,Character,OP02-109,Black,4,6000,Giant;Navy,Strike,,1000
486488,Hina,Hina,https://tcgplayer-cdn.tcgplayer.com/product/486488_200w.jpg,68,17698,https://cpt.tcgcsv.com/NCV5,2023-03-10T05:03:15.877,1,0.15,0.35,25.0,0.29,,Foil,R,"[Blocker] <em>(After your opponent declares an attack, you may rest this card to make it the new target of the attack.)</em>
<br>
[On Block] Select up to 1 of your opponent's Characters with a cost of 6 or less. The selected Character cannot attack during this turn.",Character,OP02-110,Black,5,6000,Navy,Special,,1000
486489,Fullbody,Fullbody,https://tcgplayer-cdn.tcgplayer.com/product/486489_200w.jpg,68,17698,https://cpt.tcgcsv.com/PCV5,2023-03-10T05:03:15.877,1,0.01,0.15,5.0,0.05,,Normal,C,"[When Attacking] If you have [Jango], this card gains +3000 power during this battle.",Character,OP02-111,Black,2,3000,Navy,Strike,,1000
486490,Bell-mere,Bell mere,https://tcgplayer-cdn.tcgplayer.com/product/486490_200w.jpg,68,17698,https://cpt.tcgcsv.com/QCV5,2023-03-10T05:03:15.877,1,0.05,0.25,5.0,0.21,,Normal,UC,"[Activate:Main] <strong>You may rest this Character</strong>: Give up to 1 of your opponent's Characters -1 cost during this turn. Then, up to 1 of your Leader or Character cards gains +1000 power during this turn.",Character,OP02-112,Black,1,1000,Navy,Ranged,,1000
486491,Helmeppo,Helmeppo,https://tcgplayer-cdn.tcgplayer.com/product/486491_200w.jpg,68,17698,https://cpt.tcgcsv.com/RCV5,2023-03-10T05:03:15.877,1,0.02,0.18,5.0,0.07,,Normal,UC,"[When Attacking] Give up to 1 of your opponent's Characters -2 cost during this turn. Then, if there is a Character with a cost of 0, this Character gains +2000 power during this battle.
<br>
[Trigger] Play this card.",Character,OP02-113,Black,3,3000,Navy,Slash,,1000
486492,Monkey.D.Garp (115),MonkeyDGarp 115,https://tcgplayer-cdn.tcgplayer.com/product/486492_200w.jpg,68,17698,https://cpt.tcgcsv.com/SCV5,2023-03-10T05:03:15.877,1,0.15,0.3,25.0,0.25,,Foil,R,[DON!! x2] [When Attacking] K.O. up to 1 of your opponent's Characters with a cost of 0.,Character,OP02-115,Black,2,3000,Navy,Strike,,2000
486493,Yamakaji,Yamakaji,https://tcgplayer-cdn.tcgplayer.com/product/486493_200w.jpg,68,17698,https://cpt.tcgcsv.com/TCV5,2023-03-10T05:03:15.877,1,0.01,0.15,5.0,0.06,,Normal,C,,Character,OP02-116,Black,3,5000,Navy,Slash,,1000
486494,Ice Age,Ice Age,https://tcgplayer-cdn.tcgplayer.com/product/486494_200w.jpg,68,17698,https://cpt.tcgcsv.com/VCV5,2024-11-08T20:19:12.987,1,0.02,0.2,6.98,0.13,,Normal,UC,"[Main] Give up to 1 of your opponent's Characters -5 cost during this turn.
<br>
[Trigger] K.O. up to 1 of your opponent's Characters with a cost of 3 or less.",Event,OP02-117,Black,1,,Navy,,,
486546,Yasakani Sacred Jewel,Yasakani Sacred Jewel,https://tcgplayer-cdn.tcgplayer.com/product/486546_200w.jpg,68,17698,https://cpt.tcgcsv.com/XDV5,2023-03-10T05:03:15.877,1,0.01,0.17,10.0,0.06,,Normal,C,"[Counter] <strong>You may trash 1 card from your hand</strong>: Select up to 1 of your Characters. The selected Character cannot be K.O.'d during this battle.
<br>
[Trigger] K.O. up to 1 of your opponent's Stages with a cost of 3 or less.",Event,OP02-118,Black,1,,Navy,,,
486547,Meteor Volcano,Meteor Volcano,https://tcgplayer-cdn.tcgplayer.com/product/486547_200w.jpg,68,17698,https://cpt.tcgcsv.com/ZDV5,2023-03-10T05:03:15.877,1,0.01,0.25,25.0,0.2,,Foil,R,"[Main] K.O. up to 1 of your opponent's Characters with a cost of 1 or less.
<br>
[Trigger] Draw 2 cards and trash 1 card from your hand.",Event,OP02-119,Black,2,,Navy,,,
487126,Revision Pack,Revision Pack,https://tcgplayer-cdn.tcgplayer.com/product/487126_200w.jpg,68,17698,https://cpt.tcgcsv.com/xSV5,2023-10-13T18:46:36.177,1,7.45,17.5,50.0,9.29,,Normal,,,,,,,,,,,
488298,Box Promotion Pack,Box Promotion Pack,https://tcgplayer-cdn.tcgplayer.com/product/488298_200w.jpg,68,17698,https://cpt.tcgcsv.com/-kW5,2023-10-13T19:13:52.917,1,22.22,34.0,95.0,31.3,,Normal,,,,,,,,,,,
531775,Paramount War - Sleeved Booster Pack,Paramount War Sleeved Booster Pack,https://tcgplayer-cdn.tcgplayer.com/product/531775_200w.jpg,68,17698,https://cpt.tcgcsv.com/wKg6,2023-12-27T13:38:50.4,1,29.0,39.89,200.0,31.33,,Normal,,,,,,,,,,,
549342,DON!! Card,DON Card,https://tcgplayer-cdn.tcgplayer.com/product/549342_200w.jpg,68,17698,https://cpt.tcgcsv.com/SLp6,2025-03-21T13:50:19.027,2,0.02,0.18,1.98,0.12,,Normal,DON!!,Your Turn +1000,DON!!,,,,,,,,
