productId,name,cleanName,imageUrl,categoryId,groupId,url,modifiedOn,imageCount,lowPrice,midPrice,highPrice,marketPrice,directLowPrice,subTypeName,extRarity,extNumber,extDescription,extColor,extCardType,extCost,extPower,extSubtypes,extCounterplus,extAttribute
586670,Royal Blood Booster Pack,Royal Blood Booster Pack,https://tcgplayer-cdn.tcgplayer.com/product/586670_200w.jpg,68,23766,https://cpt.tcgcsv.com/qHJ6,2025-03-21T04:10:14.857,1,6.45,8.95,10.99,8.89,,Normal,,,,,,,,,,
586671,Royal Blood Booster Box,Royal Blood Booster Box,https://tcgplayer-cdn.tcgplayer.com/product/586671_200w.jpg,68,23766,https://cpt.tcgcsv.com/rHJ6,2025-03-24T16:17:48.367,1,238.01,277.0,499.99,239.06,,Normal,,,,,,,,,,
586673,Royal Blood Booster Box Case,Royal Blood Booster Box Case,https://tcgplayer-cdn.tcgplayer.com/product/586673_200w.jpg,68,23766,https://cpt.tcgcsv.com/tHJ6,2025-03-21T04:10:14.857,1,2599.97,2600.0,4800.0,2374.84,,Normal,,,,,,,,,,
617028,Charlotte Flampe (SP),Charlotte Flampe SP,https://tcgplayer-cdn.tcgplayer.com/product/617028_200w.jpg,68,23766,https://cpt.tcgcsv.com/BQX6,2025-03-21T04:10:14.857,1,65.0,98.97,150.0,60.5,,Foil,R,EB01-056,[On Play] <strong>You may add 1 card from the top or bottom of your Life cards to your hand</strong>: Draw 1 card.,Yellow,Character,1,1000,Big Mom Pirates,2000,Special
617029,Urouge (SP),Urouge SP,https://tcgplayer-cdn.tcgplayer.com/product/617029_200w.jpg,68,23766,https://cpt.tcgcsv.com/CQX6,2025-03-21T04:10:14.857,1,32.99,40.37,110.0,36.44,,Foil,R,OP07-021,"[Blocker] <em>(After your opponent declares an attack, you may rest this card to make it the new target of the attack.)</em><br>
[End of Your Turn] Set up to 1 of your DON!! cards as active.",Green,Character,4,5000,Fallen Monk Pirates;Supernovas,1000,Strike
617030,Smoker (001),Smoker 001,https://tcgplayer-cdn.tcgplayer.com/product/617030_200w.jpg,68,23766,https://cpt.tcgcsv.com/DQX6,2025-03-21T04:10:14.857,1,0.04,0.19,5.0,0.15,,Normal,L,OP10-001,"[Opponent's Turn] All of your {Navy} or {Punk Hazard} type Characters gain +1000 power.<br>
[Activate: Main] [Once Per Turn] If you have a Character with 7000 power or more, set up to 2 of your DON!! cards as active.",Green;Red,Leader,,5000,Navy;Punk Hazard,,Slash
617031,Smoker (001) (Parallel),Smoker 001 Parallel,https://tcgplayer-cdn.tcgplayer.com/product/617031_200w.jpg,68,23766,https://cpt.tcgcsv.com/FQX6,2025-03-21T04:10:14.857,1,16.49,20.91,50.0,16.9,,Foil,L,OP10-001,"[Opponent's Turn] All of your {Navy} or {Punk Hazard} type Characters gain +1000 power.<br>
[Activate: Main] [Once Per Turn] If you have a Character with 7000 power or more, set up to 2 of your DON!! cards as active.",Green;Red,Leader,,5000,Navy;Punk Hazard,,Slash
617032,Caesar Clown (002),Caesar Clown 002,https://tcgplayer-cdn.tcgplayer.com/product/617032_200w.jpg,68,23766,https://cpt.tcgcsv.com/GQX6,2025-03-21T04:10:14.857,1,0.01,0.15,5.0,0.1,,Normal,L,OP10-002,[DON!! x2] [When Attacking] <strong>You may return 1 of your {Punk Hazard} type Characters with a cost of 2 or more to the owner's hand</strong>: K.O. up to 1 of your opponent's Characters with 4000 power or less.,Blue;Red,Leader,,5000,Punk Hazard;Scientist,,Special
617033,Caesar Clown (002) (Parallel),Caesar Clown 002 Parallel,https://tcgplayer-cdn.tcgplayer.com/product/617033_200w.jpg,68,23766,https://cpt.tcgcsv.com/HQX6,2025-03-21T04:10:14.857,1,8.74,11.0,50.0,8.82,,Foil,L,OP10-002,[DON!! x2] [When Attacking] <strong>You may return 1 of your {Punk Hazard} type Characters with a cost of 2 or more to the owner's hand</strong>: K.O. up to 1 of your opponent's Characters with 4000 power or less.,Blue;Red,Leader,,5000,Punk Hazard;Scientist,,Special
617034,Sugar (003),Sugar 003,https://tcgplayer-cdn.tcgplayer.com/product/617034_200w.jpg,68,23766,https://cpt.tcgcsv.com/JQX6,2025-03-21T04:10:14.857,1,0.01,0.15,5.0,0.12,,Normal,L,OP10-003,"[End of Your Turn] If you have a {Donquixote Pirates} type Character with 6000 power or more, set up to 1 of your DON!! cards as active.<br>
[Opponent's Turn] [Once Per Turn] When you activate an Event, add up to 1 DON!! card from your DON!! deck and set it as active.",Purple;Red,Leader,,5000,Donquixote Pirates,,Special
617035,Sugar (003) (Parallel),Sugar 003 Parallel,https://tcgplayer-cdn.tcgplayer.com/product/617035_200w.jpg,68,23766,https://cpt.tcgcsv.com/KQX6,2025-03-21T04:10:14.857,1,12.0,16.18,75.0,14.45,,Foil,L,OP10-003,"[End of Your Turn] If you have a {Donquixote Pirates} type Character with 6000 power or more, set up to 1 of your DON!! cards as active.<br>
[Opponent's Turn] [Once Per Turn] When you activate an Event, add up to 1 DON!! card from your DON!! deck and set it as active.",Purple;Red,Leader,,5000,Donquixote Pirates,,Special
617036,Vergo,Vergo,https://tcgplayer-cdn.tcgplayer.com/product/617036_200w.jpg,68,23766,https://cpt.tcgcsv.com/LQX6,2025-04-15T13:01:40.477,1,0.02,0.2,5.0,0.12,,Foil,R,OP10-004,"[On Play] Look at 5 cards from the top of your deck; reveal up to 1 {Punk Hazard} type card other than [Vergo] and add it to your hand. Then, place the rest at the bottom of your deck in any order.",Red,Character,1,2000,Donquixote Pirates;Navy;Punk Hazard,1000,Strike
617037,Sanji,Sanji,https://tcgplayer-cdn.tcgplayer.com/product/617037_200w.jpg,68,23766,https://cpt.tcgcsv.com/MQX6,2025-03-21T04:10:14.857,1,8.0,9.99,16.49,9.79,,Foil,SR,OP10-005,"[Your Turn] This Character gains +3000 power.<br>
[On K.O.] Draw 1 card.",Red,Character,3,3000,Straw Hat Crew;Punk Hazard,1000,Special
617038,Sanji (Parallel),Sanji Parallel,https://tcgplayer-cdn.tcgplayer.com/product/617038_200w.jpg,68,23766,https://cpt.tcgcsv.com/NQX6,2025-03-21T04:10:14.857,1,24.75,30.0,60.0,27.29,,Foil,SR,OP10-005,"[Your Turn] This Character gains +3000 power.<br>
[On K.O.] Draw 1 card.",Red,Character,3,3000,Straw Hat Crew;Punk Hazard,1000,Special
617039,Caesar Clown (006),Caesar Clown 006,https://tcgplayer-cdn.tcgplayer.com/product/617039_200w.jpg,68,23766,https://cpt.tcgcsv.com/PQX6,2025-03-21T04:10:14.857,1,0.01,0.15,8.0,0.05,,Normal,UC,OP10-006,"[On Play] Look at 5 cards from the top of your deck; reveal up to 1 [Smiley] and add it to your hand. Then, place the rest at the bottom of your deck in any order and play up to 1 [Smiley] from your hand.",Red,Character,7,7000,Punk Hazard;Scientist,,Special
617040,Ceaser Soldier,Ceaser Soldier,https://tcgplayer-cdn.tcgplayer.com/product/617040_200w.jpg,68,23766,https://cpt.tcgcsv.com/QQX6,2025-03-21T04:10:14.857,1,0.01,0.14,3.0,0.07,,Normal,UC,OP10-007,"[On Play] Play up to 1 ""Punk Hazard"" type Character card with a cost of 2 or less from your hand.",Red,Character,3,4000,Punk Hazard,1000,Wisdom
617041,Scotch,Scotch,https://tcgplayer-cdn.tcgplayer.com/product/617041_200w.jpg,68,23766,https://cpt.tcgcsv.com/RQX6,2025-03-21T04:10:14.857,1,0.01,0.1,3.0,0.03,,Normal,C,OP10-008,"[Blocker] <em>(After your opponent declares an attack, you may rest this card to make it the new target of the attack.)</em><br>
[On Play] If you don't have [Rock], play up to 1 [Rock] from your hand.",Red,Character,2,1000,Punk Hazard,1000,Ranged
617042,Smiley,Smiley,https://tcgplayer-cdn.tcgplayer.com/product/617042_200w.jpg,68,23766,https://cpt.tcgcsv.com/SQX6,2025-03-21T04:10:14.857,1,0.01,0.15,9.88,0.11,,Foil,R,OP10-009,"[On Play] If your Leader has the ""Punk Hazard"" type, give up to 1 of your opponent's Characters 3000 power during this turn.",Red,Character,5,6000,Biological Weapon;Punk Hazard,1000,Special
617043,Chadros.Higelyges (Brownbeard),ChadrosHigelyges Brownbeard,https://tcgplayer-cdn.tcgplayer.com/product/617043_200w.jpg,68,23766,https://cpt.tcgcsv.com/TQX6,2025-03-21T04:10:14.857,1,0.01,0.1,3.0,0.03,,Normal,C,OP10-010,"[When Attacking] If you have 1 or less Characters with 6000 power or more, this Character gains +1000 power during this turn.",Red,Character,3,5000,Punk Hazard;Brownbeard Pirates,,Slash
617044,Tony Tony.Chopper (011),Tony TonyChopper 011,https://tcgplayer-cdn.tcgplayer.com/product/617044_200w.jpg,68,23766,https://cpt.tcgcsv.com/VQX6,2025-03-21T04:10:14.857,1,0.24,0.75,50.0,0.54,,Foil,R,OP10-011,"[Blocker] <em>(After your opponent declares an attack, you may rest this card to make it the new target of the attack.)</em><br>
[Opponent's Turn] This Character gains +2000 power.",Red,Character,4,4000,Straw Hat Crew;Punk Hazard,2000,Strike
617045,Dragon Number Thirteen,Dragon Number Thirteen,https://tcgplayer-cdn.tcgplayer.com/product/617045_200w.jpg,68,23766,https://cpt.tcgcsv.com/WQX6,2025-03-21T04:10:14.857,1,0.01,0.11,6.88,0.06,,Normal,C,OP10-012,"[Blocker] <em>(After your opponent declares an attack, you may rest this card to make it the new target of the attack.)</em>",Red,Character,2,2000,Biological Weapon;Punk Hazard,1000,Special
617046,Nami (013),Nami 013,https://tcgplayer-cdn.tcgplayer.com/product/617046_200w.jpg,68,23766,https://cpt.tcgcsv.com/XQX6,2025-03-21T04:10:14.857,1,0.01,0.12,5.99,0.09,,Normal,C,OP10-013,,Red,Character,5,7000,Straw Hat Crew;Punk Hazard,1000,Strike
617047,Franky (014),Franky 014,https://tcgplayer-cdn.tcgplayer.com/product/617047_200w.jpg,68,23766,https://cpt.tcgcsv.com/ZQX6,2025-03-21T04:10:14.857,1,0.01,0.15,3.0,0.13,,Normal,C,OP10-014,,Red,Character,6,8000,Animal;Straw Hat Crew;Punk Hazard,1000,Strike
617048,Mocha,Mocha,https://tcgplayer-cdn.tcgplayer.com/product/617048_200w.jpg,68,23766,https://cpt.tcgcsv.com/-QX6,2025-03-21T04:10:14.857,1,0.01,0.15,6.88,0.1,,Normal,UC,OP10-015,[On Play] Give up to 1 of your opponent's Characters 1000 power during this turn.,Red,Character,3,3000,Punk Hazard,2000,Strike
617049,Monet,Monet,https://tcgplayer-cdn.tcgplayer.com/product/617049_200w.jpg,68,23766,https://cpt.tcgcsv.com/_QX6,2025-03-21T04:10:14.857,1,0.1,0.55,20.35,0.5,,Foil,SR,OP10-016,"[Activate: Main] <strong>You may rest this Character:</strong> Give up to 2 rested DON!! cards to your Leader or 1 of your Characters. Then, give up to 1 of your opponent's Characters 1000 power during this turn.",Red,Character,2,3000,Donquixote Pirates;Punk Hazard,1000,Special
617050,Monet (Parallel),Monet Parallel,https://tcgplayer-cdn.tcgplayer.com/product/617050_200w.jpg,68,23766,https://cpt.tcgcsv.com/0RX6,2025-03-21T04:10:14.857,1,3.89,5.12,20.0,4.52,,Foil,SR,OP10-016,"[Activate: Main] <strong>You may rest this Character:</strong> Give up to 2 rested DON!! cards to your Leader or 1 of your Characters. Then, give up to 1 of your opponent's Characters 1000 power during this turn.",Red,Character,2,3000,Donquixote Pirates;Punk Hazard,1000,Special
617051,Rock,Rock,https://tcgplayer-cdn.tcgplayer.com/product/617051_200w.jpg,68,23766,https://cpt.tcgcsv.com/2RX6,2025-03-21T04:10:14.857,1,0.01,0.11,4.99,0.03,,Normal,C,OP10-017,"[On Play] If you don't have [Scotch], play up to 1 [Scotch] from your hand.",Red,Character,2,3000,Punk Hazard,1000,Ranged
617052,Ten-Layer Igloo,Ten Layer Igloo,https://tcgplayer-cdn.tcgplayer.com/product/617052_200w.jpg,68,23766,https://cpt.tcgcsv.com/3RX6,2025-03-21T04:10:14.857,1,0.01,0.15,6.88,0.08,,Normal,C,OP10-018,"[Counter] Up to 1 of your Leader or Character cards gains +3000 power during this battle. Then, give up to 1 of your opponent's Leader or Character cards 2000 power during this turn.<br>
[Trigger] Up to 1 of your Leader or Character cards gains +1000 power during this turn.",Red,Event,2,,Donquixote Pirates;Punk Hazard,,
617053,Divine Departure,Divine Departure,https://tcgplayer-cdn.tcgplayer.com/product/617053_200w.jpg,68,23766,https://cpt.tcgcsv.com/5RX6,2025-03-21T04:10:14.857,1,0.14,0.43,5.0,0.36,,Foil,R,OP10-019,"[Main] <strong>You may rest 5 of your DON!! cards:</strong> K.O. up to 1 of your opponent's Characters with 8000 power or less.<br>
[Counter] Up to 1 of your Leader gains +3000 power during this battle.",Red,Event,1,,The Four Emperors;Red-Haired Pirates,,
617054,Divine Departure (Parallel),Divine Departure Parallel,https://tcgplayer-cdn.tcgplayer.com/product/617054_200w.jpg,68,23766,https://cpt.tcgcsv.com/6RX6,2025-03-21T04:10:14.857,1,75.99,92.5,299.99,74.33,,Foil,R,OP10-019,"[Main] <strong>You may rest 5 of your DON!! cards:</strong> K.O. up to 1 of your opponent's Characters with 8000 power or less.<br>
[Counter] Up to 1 of your Leader gains +3000 power during this battle.",Red,Event,1,,The Four Emperors;Red-Haired Pirates,,
617055,Gum-Gum UFO,Gum Gum UFO,https://tcgplayer-cdn.tcgplayer.com/product/617055_200w.jpg,68,23766,https://cpt.tcgcsv.com/7RX6,2025-03-21T04:10:14.857,1,0.01,0.16,3.0,0.16,,Normal,UC,OP10-020,"[Main] Give up to 1 of your opponent's Characters 4000 power during this turn. Then, if you have 2 or less Life cards, up to 1 of your Leader or Character cards gains +1000 power during this turn.<br>
[Trigger] K.O. up to 1 of your opponent's Characters with 3000 power or less.",Red,Event,2,,Straw Hat Crew;Punk Hazard,,
617056,Punk Hazard,Punk Hazard,https://tcgplayer-cdn.tcgplayer.com/product/617056_200w.jpg,68,23766,https://cpt.tcgcsv.com/8RX6,2025-03-21T04:10:14.857,1,0.01,0.1,4.99,0.04,,Normal,C,OP10-021,"[Activate: Main] <strong>You may rest this Stage:</strong> If your Leader is [Caesar Clown], give up to 1 rested DON!! card to your Leader or 1 of your Characters.",Red,Stage,1,,Punk Hazard,,
617057,Trafalgar Law (022),Trafalgar Law 022,https://tcgplayer-cdn.tcgplayer.com/product/617057_200w.jpg,68,23766,https://cpt.tcgcsv.com/9RX6,2025-03-21T04:10:14.857,1,0.02,0.2,5.0,0.18,,Normal,L,OP10-022,"[DON!! x1] [Activate: Main] [Once Per Turn] <strong>If the total cost of your Characters is 5 or more, you may return 1 of your Characters to the owner's hand:</strong> Reveal 1 card from the top of your Life cards. If that card is a ""Supernovas"" type Character card with a cost of 5 or less, you may play that card.",Green;Yellow,Leader,,5000,Heart Pirates;Supernovas;Dressrosa,,Slash
617058,Trafalgar Law (022) (Parallel),Trafalgar Law 022 Parallel,https://tcgplayer-cdn.tcgplayer.com/product/617058_200w.jpg,68,23766,https://cpt.tcgcsv.com/bRX6,2025-03-21T04:10:14.857,1,30.0,32.18,150.0,29.96,,Foil,L,OP10-022,"[DON!! x1] [Activate: Main] [Once Per Turn] <strong>If the total cost of your Characters is 5 or more, you may return 1 of your Characters to the owner's hand:</strong> Reveal 1 card from the top of your Life cards. If that card is a ""Supernovas"" type Character card with a cost of 5 or less, you may play that card.",Green;Yellow,Leader,,5000,Heart Pirates;Supernovas;Dressrosa,,Slash
617059,Issho,Issho,https://tcgplayer-cdn.tcgplayer.com/product/617059_200w.jpg,68,23766,https://cpt.tcgcsv.com/cRX6,2025-03-21T04:10:14.857,1,0.01,0.1,3.0,0.04,,Normal,C,OP10-023,"[On Play] If your Leader has the ""Navy"" type, rest up to 2 of your opponent's Characters with a cost of 5 or less.",Green,Character,5,6000,Navy;Dressrosa,1000,Slash
617060,Edward.Newgate,EdwardNewgate,https://tcgplayer-cdn.tcgplayer.com/product/617060_200w.jpg,68,23766,https://cpt.tcgcsv.com/dRX6,2025-03-21T04:10:14.857,1,0.01,0.15,3.0,0.09,,Normal,C,OP10-024,"[On Play] If you have 2 or more rested Characters, rest up to 1 of your opponent's Characters with a cost of 5 or less. Then, K.O. up to 1 of your opponent's rested Characters with a cost of 3 or less.",Green,Character,5,6000,The Four Emperors;Whitebeard Pirates;ODYSSEY,1000,Special
617061,Enel,Enel,https://tcgplayer-cdn.tcgplayer.com/product/617061_200w.jpg,68,23766,https://cpt.tcgcsv.com/fRX6,2025-03-21T04:10:14.857,1,0.01,0.2,5.0,0.17,,Foil,R,OP10-025,"[On Play] If you have 2 or more rested Characters, draw 3 cards and trash 2 cards from your hand.",Green,Character,5,6000,ODYSSEY;Sky Island,1000,Special
617062,Kin'emon (026),Kinemon 026,https://tcgplayer-cdn.tcgplayer.com/product/617062_200w.jpg,68,23766,https://cpt.tcgcsv.com/gRX6,2025-03-21T04:10:14.857,1,0.01,0.12,3.0,0.06,,Normal,C,OP10-026,[Activate: Main] <strong>You may place this Character and 1 [Kin'emon] with 0 power from your trash at the bottom of your deck in any order:</strong> Play up to 1 [Kin'emon] with a cost of 6 from your hand.,Green,Character,2,1000,Land of Wano;The Akazaya Nine;Punk Hazard,1000,Slash
617063,Kin'emon (027),Kinemon 027,https://tcgplayer-cdn.tcgplayer.com/product/617063_200w.jpg,68,23766,https://cpt.tcgcsv.com/hRX6,2025-03-21T04:10:14.857,1,0.01,0.15,3.0,0.05,,Normal,UC,OP10-027,[Activate: Main] <strong>You may place this Character and 1 [Kin'emon] with 1000 power from your trash at the bottom of your deck in any order:</strong> Play up to 1 [Kin'emon] with a cost of 6 from your hand.,Green,Character,2,,Land of Wano;The Akazaya Nine;Punk Hazard,2000,Slash
617064,Kouzuki Momonosuke (028),Kouzuki Momonosuke 028,https://tcgplayer-cdn.tcgplayer.com/product/617064_200w.jpg,68,23766,https://cpt.tcgcsv.com/jRX6,2025-03-21T04:10:14.857,1,0.01,0.15,3.0,0.07,,Normal,UC,OP10-028,"[Activate: Main] <strong>You may rest 2 of your DON!! cards and trash this Character:</strong> Look at 5 cards from the top of your deck; reveal up to 2 ""The Akazaya Nine"" type cards and add them to your hand. Then, place the rest at the bottom of your deck in any order.",Green,Character,1,1000,Land of Wano;Kouzuki Clan;Punk Hazard,1000,Special
617065,Dracule Mihawk,Dracule Mihawk,https://tcgplayer-cdn.tcgplayer.com/product/617065_200w.jpg,68,23766,https://cpt.tcgcsv.com/kRX6,2025-03-21T04:10:14.857,1,0.03,0.24,5.0,0.19,,Foil,R,OP10-029,"[On Play] If you have 2 or more rested Characters, set up to 1 of your rested ""ODYSSEY"" type Characters with a cost of 5 or less as active.",Green,Character,5,6000,The Seven Warlords of the Sea;ODYSSEY,1000,Slash
617066,Smoker (030),Smoker 030,https://tcgplayer-cdn.tcgplayer.com/product/617066_200w.jpg,68,23766,https://cpt.tcgcsv.com/lRX6,2025-03-21T04:10:14.857,1,2.56,7.28,25.0,6.53,,Foil,SR,OP10-030,"[Banish] <em>(When this card deals damage, the target card is trashed without activating its Trigger.)</em><br>
[Activate: Main] Set up to 1 of your DON!! cards as active. Then, you cannot set DON!! cards as active using Character effects during this turn.",Green,Character,5,7000,Navy;Punk Hazard,,Slash
617067,Smoker (030) (Parallel),Smoker 030 Parallel,https://tcgplayer-cdn.tcgplayer.com/product/617067_200w.jpg,68,23766,https://cpt.tcgcsv.com/mRX6,2025-03-21T04:10:14.857,1,27.76,34.99,79.99,27.2,,Foil,SR,OP10-030,"[Banish] <em>(When this card deals damage, the target card is trashed without activating its Trigger.)</em><br>
[Activate: Main] Set up to 1 of your DON!! cards as active. Then, you cannot set DON!! cards as active using Character effects during this turn.",Green,Character,5,7000,Navy;Punk Hazard,,Slash
617068,Sengoku,Sengoku,https://tcgplayer-cdn.tcgplayer.com/product/617068_200w.jpg,68,23766,https://cpt.tcgcsv.com/nRX6,2025-03-21T04:10:14.857,1,0.01,0.12,3.0,0.05,,Normal,C,OP10-031,,Green,Character,5,7000,Navy;Dressrosa,1000,Wisdom
617069,Tashigi,Tashigi,https://tcgplayer-cdn.tcgplayer.com/product/617069_200w.jpg,68,23766,https://cpt.tcgcsv.com/pRX6,2025-03-21T04:10:14.857,1,0.25,1.08,50.0,0.67,,Foil,SR,OP10-032,"If you have a green Character other than [Tashigi] that would be removed from the field by your opponent's effect, you may rest this Character instead.",Green,Character,3,4000,Navy;Punk Hazard,2000,Special
617070,Tashigi (Parallel),Tashigi Parallel,https://tcgplayer-cdn.tcgplayer.com/product/617070_200w.jpg,68,23766,https://cpt.tcgcsv.com/qRX6,2025-03-21T04:10:14.857,1,5.0,9.84,49.25,6.69,,Foil,SR,OP10-032,"If you have a green Character other than [Tashigi] that would be removed from the field by your opponent's effect, you may rest this Character instead.",Green,Character,3,4000,Navy;Punk Hazard,2000,Special
617071,Nami (033),Nami 033,https://tcgplayer-cdn.tcgplayer.com/product/617071_200w.jpg,68,23766,https://cpt.tcgcsv.com/rRX6,2025-03-21T04:10:14.857,1,0.14,0.25,3.0,0.23,,Normal,UC,OP10-033,"[On Play] If you have 2 or more rested ""ODYSSEY"" type Characters, up to 1 of your opponent's rested DON!! cards will not become active in your opponent's next Refresh Phase.",Green,Character,2,2000,Straw Hat Crew;ODYSSEY,2000,Special
617072,Franky (034),Franky 034,https://tcgplayer-cdn.tcgplayer.com/product/617072_200w.jpg,68,23766,https://cpt.tcgcsv.com/sRX6,2025-03-21T04:10:14.857,1,0.01,0.11,3.0,0.05,,Normal,C,OP10-034,"[Once Per Turn] If this Character would be K.O.'d in battle, you may add 1 card from the top of your Life cards to your hand instead.",Green,Character,4,5000,Straw Hat Crew;ODYSSEY,1000,Strike
617073,Brook (035),Brook 035,https://tcgplayer-cdn.tcgplayer.com/product/617073_200w.jpg,68,23766,https://cpt.tcgcsv.com/tRX6,2025-03-21T04:10:14.857,1,0.01,0.13,3.0,0.1,,Normal,C,OP10-035,[On K.O.] Rest up to 1 of your opponent's Leader or Character cards with a cost of 5 or less.,Green,Character,3,5000,Straw Hat Crew;ODYSSEY,,Slash
617074,Perona (036),Perona 036,https://tcgplayer-cdn.tcgplayer.com/product/617074_200w.jpg,68,23766,https://cpt.tcgcsv.com/vRX6,2025-03-21T04:10:14.857,1,0.01,0.15,3.0,0.15,,Normal,C,OP10-036,"[Your Turn] [Once Per Turn] If a Character is rested by your effect, set up to 1 of your DON!! cards as active.",Green,Character,4,5000,Thriller Bark Pirates;ODYSSEY;Muggy Kingdom,1000,Special
617075,Lim,Lim,https://tcgplayer-cdn.tcgplayer.com/product/617075_200w.jpg,68,23766,https://cpt.tcgcsv.com/wRX6,2025-03-21T04:10:14.857,1,0.04,0.23,5.0,0.14,,Foil,R,OP10-037,"[Once Per Turn] If this Character would be removed from the field by your opponent's effect, you may rest 1 of your ""ODYSSEY"" type Characters instead.<br>
[End of Your Turn] Set up to 1 of your ""ODYSSEY"" type Characters as active.",Green,Character,1,,ODYSSEY,1000,Wisdom
617076,Lim (Parallel),Lim Parallel,https://tcgplayer-cdn.tcgplayer.com/product/617076_200w.jpg,68,23766,https://cpt.tcgcsv.com/xRX6,2025-03-21T04:10:14.857,1,2.0,4.0,30.0,2.9,,Foil,R,OP10-037,"[Once Per Turn] If this Character would be removed from the field by your opponent's effect, you may rest 1 of your ""ODYSSEY"" type Characters instead.<br>
[End of Your Turn] Set up to 1 of your ""ODYSSEY"" type Characters as active.",Green,Character,1,,ODYSSEY,1000,Wisdom
617077,Roronoa Zoro (038),Roronoa Zoro 038,https://tcgplayer-cdn.tcgplayer.com/product/617077_200w.jpg,68,23766,https://cpt.tcgcsv.com/zRX6,2025-03-21T04:10:14.857,1,0.01,0.15,3.0,0.1,,Normal,C,OP10-038,"[Opponent's Turn] If you have 2 or more rested Characters, this Character gains +2000 power.",Green,Character,5,6000,Straw Hat Crew;Supernovas;ODYSSEY,1000,Slash
617078,Gum-Gum Dragon Fire Pistol Twister Star,Gum Gum Dragon Fire Pistol Twister Star,https://tcgplayer-cdn.tcgplayer.com/product/617078_200w.jpg,68,23766,https://cpt.tcgcsv.com/BRX6,2025-03-21T04:10:14.857,1,0.01,0.15,3.0,0.08,,Normal,UC,OP10-039,"[Main] If your Leader has the ""ODYSSEY"" type, look at 5 cards from the top of your deck; reveal up to 2 ""ODYSSEY"" type Character cards and add them to your hand. Then, place the rest at the bottom of your deck in any order.<br>
[Trigger] Rest up to 1 of your opponent's Characters with a cost of 5 or less.",Green,Event,3,,Straw Hat Crew;Supernovas;ODYSSEY,,
617079,The Weak Do Not Have the Right to Choose How They Die,The Weak Do Not Have the Right to Choose How They Die,https://tcgplayer-cdn.tcgplayer.com/product/617079_200w.jpg,68,23766,https://cpt.tcgcsv.com/CRX6,2025-03-21T04:10:14.857,1,0.01,0.11,3.0,0.08,,Normal,C,OP10-040,[Main]/[Counter] K.O. up to 1 of your opponent's rested Characters with a cost of 7 or less.,Green,Event,5,,Heart Pirates;The Seven Warlords of the Sea;Punk Hazard,,
617080,Radio Knife,Radio Knife,https://tcgplayer-cdn.tcgplayer.com/product/617080_200w.jpg,68,23766,https://cpt.tcgcsv.com/DRX6,2025-03-21T04:10:14.857,1,0.01,0.2,42.0,0.17,,Foil,R,OP10-041,"[Main] Rest up to 1 of your opponent's Characters with a cost of 6 or less. Then, K.O. up to 1 of your opponent's rested Characters with a cost of 5 or less.<br>
[Trigger] Rest up to 1 of your opponent's Characters with a cost of 4 or less.",Green,Event,4,,Heart Pirates;Supernovas;Dressrosa,,
617081,Usopp (042),Usopp 042,https://tcgplayer-cdn.tcgplayer.com/product/617081_200w.jpg,68,23766,https://cpt.tcgcsv.com/FRX6,2025-03-21T04:10:14.857,1,0.04,0.2,5.0,0.19,,Normal,L,OP10-042,"All of your ""Dressrosa"" type Characters with a cost of 2 or more gain +1 cost.<br>
[Opponent's Turn] [Once Per Turn] This effect can be activated when your ""Dressrosa"" type Character is removed from the field by your opponent's effect or K.O.'d. If you have 5 or less cards in your hand, draw 1 card.",Blue;Black,Leader,,5000,Straw Hat Crew;Dressrosa,,Ranged
617082,Usopp (042) (Parallel),Usopp 042 Parallel,https://tcgplayer-cdn.tcgplayer.com/product/617082_200w.jpg,68,23766,https://cpt.tcgcsv.com/GRX6,2025-03-21T04:10:14.857,1,29.59,37.98,99.99,30.19,,Foil,L,OP10-042,"All of your ""Dressrosa"" type Characters with a cost of 2 or more gain +1 cost.<br>
[Opponent's Turn] [Once Per Turn] This effect can be activated when your ""Dressrosa"" type Character is removed from the field by your opponent's effect or K.O.'d. If you have 5 or less cards in your hand, draw 1 card.",Blue;Black,Leader,,5000,Straw Hat Crew;Dressrosa,,Ranged
617083,Moocy,Moocy,https://tcgplayer-cdn.tcgplayer.com/product/617083_200w.jpg,68,23766,https://cpt.tcgcsv.com/HRX6,2025-03-21T04:10:14.857,1,0.01,0.12,6.88,0.04,,Normal,C,OP10-043,"[On Play] <strong>You may rest 1 of your ""Dressrosa"" type Leader or Stage cards:</strong> Up to 1 of your [Monkey.D.Luffy] Characters gains [Banish] during this turn.",Blue,Character,2,2000,Animal;Dressrosa,1000,Strike
617084,Cub,Cub,https://tcgplayer-cdn.tcgplayer.com/product/617084_200w.jpg,68,23766,https://cpt.tcgcsv.com/JRX6,2025-03-21T04:10:14.857,1,0.01,0.15,3.0,0.04,,Normal,UC,OP10-044,"[On Play] <strong>You may rest 1 of your ""Dressrosa"" type Leader or Stage cards:</strong> Return up to 1 of your opponent's Characters with a cost of 1 or less to the owner's hand.",Blue,Character,1,2000,Dressrosa;The Tontattas,1000,Slash
617085,Cavendish (045),Cavendish 045,https://tcgplayer-cdn.tcgplayer.com/product/617085_200w.jpg,68,23766,https://cpt.tcgcsv.com/KRX6,2025-03-21T04:10:14.857,1,2.75,4.19,12.0,3.03,,Foil,R,OP10-045,[When Attacking] [Once Per Turn] Draw 2 cards and trash 1 card from your hand.,Blue,Character,4,6000,Beautiful Pirates;Dressrosa,,Slash
617086,Cavendish (045) (Parallel),Cavendish 045 Parallel,https://tcgplayer-cdn.tcgplayer.com/product/617086_200w.jpg,68,23766,https://cpt.tcgcsv.com/LRX6,2025-03-21T04:10:14.857,1,15.0,20.08,80.0,17.23,,Foil,R,OP10-045,[When Attacking] [Once Per Turn] Draw 2 cards and trash 1 card from your hand.,Blue,Character,4,6000,Beautiful Pirates;Dressrosa,,Slash
617087,Kyros,Kyros,https://tcgplayer-cdn.tcgplayer.com/product/617087_200w.jpg,68,23766,https://cpt.tcgcsv.com/MRX6,2025-03-21T04:10:14.857,1,0.03,0.48,10.0,0.29,,Foil,SR,OP10-046,[On Play] Return up to 1 Character with a cost of 5 or less to the owner's hand.,Blue,Character,7,9000,Dressrosa,,Slash
617088,Kyros (Parallel),Kyros Parallel,https://tcgplayer-cdn.tcgplayer.com/product/617088_200w.jpg,68,23766,https://cpt.tcgcsv.com/NRX6,2025-03-21T04:10:14.857,1,2.25,4.94,50.0,2.66,,Foil,SR,OP10-046,[On Play] Return up to 1 Character with a cost of 5 or less to the owner's hand.,Blue,Character,7,9000,Dressrosa,,Slash
617089,Koala,Koala,https://tcgplayer-cdn.tcgplayer.com/product/617089_200w.jpg,68,23766,https://cpt.tcgcsv.com/PRX6,2025-03-21T04:10:14.857,1,0.01,0.15,3.0,0.09,,Normal,UC,OP10-047,"[When Attacking] <strong>You may return 1 of your ""Revolutionary Army"" type Characters with a cost of 3 or more to the owner's hand:</strong> This Character gains +3000 power during this turn.",Blue,Character,2,3000,Revolutionary Army;Dressrosa,1000,Strike
617090,Sai,Sai,https://tcgplayer-cdn.tcgplayer.com/product/617090_200w.jpg,68,23766,https://cpt.tcgcsv.com/QRX6,2025-03-21T04:10:14.857,1,0.01,0.1,3.0,0.04,,Normal,C,OP10-048,"[On Play] <strong>You may rest 1 of your ""Dressrosa"" type Leader or Stage cards:</strong> Return up to 1 of your opponent's Characters with a cost of 1 or less to the owner's hand.",Blue,Character,3,5000,Happosui Army;Dressrosa,,Slash
617091,Sabo,Sabo,https://tcgplayer-cdn.tcgplayer.com/product/617091_200w.jpg,68,23766,https://cpt.tcgcsv.com/RRX6,2025-03-21T04:10:14.857,1,0.1,0.35,5.0,0.31,,Foil,R,OP10-049,"If your Character with a base cost of 7 or less other than [Sabo] would be removed from the field by your opponent's effect, you may return this Character to the owner's hand instead.",Blue,Character,4,5000,Revolutionary Army;Dressrosa,2000,Special
617092,Hajrudin,Hajrudin,https://tcgplayer-cdn.tcgplayer.com/product/617092_200w.jpg,68,23766,https://cpt.tcgcsv.com/SRX6,2025-03-21T04:10:14.857,1,0.01,0.1,3.0,0.04,,Normal,C,OP10-050,,Blue,Character,7,9000,Giant;Dressrosa;New Giant Pirates,1000,Strike
617093,Hack,Hack,https://tcgplayer-cdn.tcgplayer.com/product/617093_200w.jpg,68,23766,https://cpt.tcgcsv.com/TRX6,2025-03-21T04:10:14.857,1,0.01,0.14,3.0,0.05,,Normal,UC,OP10-051,"[DON!! x1] [When Attacking] Look at 3 cards from the top of your deck; reveal up to 1 ""Revolutionary Army"" type Character card and add it to your hand. Then, place the rest at the bottom of your deck in any order.",Blue,Character,4,5000,Fish-Man;Revolutionary Army;Dressrosa,1000,Strike
617094,Bartolomeo,Bartolomeo,https://tcgplayer-cdn.tcgplayer.com/product/617094_200w.jpg,68,23766,https://cpt.tcgcsv.com/VRX6,2025-03-21T04:10:14.857,1,0.01,0.1,3.0,0.05,,Normal,C,OP10-052,"[Blocker] <em>(After your opponent declares an attack, you may rest this card to make it the new target of the attack.)</em><br>
[On Play] Place up to 1 Character with a cost of 1 or less at the bottom of the owner's deck.",Blue,Character,5,6000,Dressrosa;Barto Club,,Special
617095,Bian,Bian,https://tcgplayer-cdn.tcgplayer.com/product/617095_200w.jpg,68,23766,https://cpt.tcgcsv.com/WRX6,2025-03-21T04:10:14.857,1,0.01,0.11,3.0,0.04,,Normal,C,OP10-053,"If you have a ""The Tontattas"" type Character other than [Bian], this Character gains [Blocker].",Blue,Character,1,1000,Dressrosa;The Tontattas,1000,Slash
617096,Blue Gilly,Blue Gilly,https://tcgplayer-cdn.tcgplayer.com/product/617096_200w.jpg,68,23766,https://cpt.tcgcsv.com/XRX6,2025-03-21T04:10:14.857,1,0.01,0.14,5.99,0.07,,Normal,C,OP10-054,,Blue,Character,3,5000,Dressrosa,1000,Strike
617097,Marco,Marco,https://tcgplayer-cdn.tcgplayer.com/product/617097_200w.jpg,68,23766,https://cpt.tcgcsv.com/ZRX6,2025-03-21T04:10:14.857,1,0.01,0.21,5.0,0.17,,Foil,R,OP10-055,"[Blocker] <em>(After your opponent declares an attack, you may rest this card to make it the new target of the attack.)</em><br>
[On K.O.] Return up to 1 of your opponent's Characters with a cost of 4 or less to the owner's hand.",Blue,Character,3,5000,Whitebeard Pirates,,Special
617098,Mansherry,Mansherry,https://tcgplayer-cdn.tcgplayer.com/product/617098_200w.jpg,68,23766,https://cpt.tcgcsv.com/-RX6,2025-03-21T04:10:14.857,1,0.01,0.15,8.0,0.09,,Normal,UC,OP10-056,"[On Play] <strong>You may rest 1 of your ""Dressrosa"" type Leader or Stage cards, and return 1 of your ""Dressrosa"" type Characters with a cost of 4 or more to the owner's hand:</strong> Return up to 1 of your opponent's Characters with a cost of 4 or less to the owner's hand.",Blue,Character,2,,Dressrosa;The Tontattas,1000,Special
617099,Leo,Leo,https://tcgplayer-cdn.tcgplayer.com/product/617099_200w.jpg,68,23766,https://cpt.tcgcsv.com/_RX6,2025-03-21T04:10:14.857,1,0.01,0.2,5.0,0.1,,Foil,R,OP10-057,"[On Play] <strong>You may rest your Leader or 1 of your Stage cards:</strong> If your Leader is [Usopp], look at 5 cards from the top of your deck; reveal up to 2 ""Dressrosa"" type cards other than [Leo] and add them to your hand. Then, place the rest at the bottom of your deck in any order, and trash 1 card from your hand.",Blue,Character,1,2000,Dressrosa;The Tontattas,1000,Strike
617100,Rebecca,Rebecca,https://tcgplayer-cdn.tcgplayer.com/product/617100_200w.jpg,68,23766,https://cpt.tcgcsv.com/0SX6,2025-03-21T04:10:14.857,1,0.2,0.99,25.0,0.57,,Foil,SR,OP10-058,"[On Play] If there is a Character with a cost of 8 or more, draw 1 card. Then, reveal up to 2 ""Dressrosa"" type Character cards with a cost of 7 or less other than [Rebecca] from your hand. Play 1 of the revealed cards and play the other card rested if it has a cost of 4 or less.",Blue,Character,7,4000,Dressrosa,1000,Slash
617101,Rebecca (Parallel),Rebecca Parallel,https://tcgplayer-cdn.tcgplayer.com/product/617101_200w.jpg,68,23766,https://cpt.tcgcsv.com/2SX6,2025-03-21T04:10:14.857,1,12.0,14.37,68.0,13.22,,Foil,SR,OP10-058,"[On Play] If there is a Character with a cost of 8 or more, draw 1 card. Then, reveal up to 2 ""Dressrosa"" type Character cards with a cost of 7 or less other than [Rebecca] from your hand. Play 1 of the revealed cards and play the other card rested if it has a cost of 4 or less.",Blue,Character,7,4000,Dressrosa,1000,Slash
617102,Fo...llow...Me...and...I...Will...Gui...de...You,FollowMeandIWillGuideYou,https://tcgplayer-cdn.tcgplayer.com/product/617102_200w.jpg,68,23766,https://cpt.tcgcsv.com/3SX6,2025-03-21T04:10:14.857,1,0.25,0.9,10.0,0.55,,Foil,R,OP10-059,"[Main] Look at 5 cards from the top of your deck; reveal up to 1 ""Dressrosa"" type Character card and add it to your hand. Then, place the rest at the bottom of your deck in any order.<br>
[Trigger] Activate this card's [Main] effect.",Blue,Event,1,,Straw Hat Crew;Dressrosa,,
617103,Barrier-Barrier Pistol,Barrier Barrier Pistol,https://tcgplayer-cdn.tcgplayer.com/product/617103_200w.jpg,68,23766,https://cpt.tcgcsv.com/5SX6,2025-03-21T04:10:14.857,1,0.1,0.38,3.0,0.33,,Normal,C,OP10-060,"[Main] Place up to 1 of your opponent's Characters with 6000 power or less at the bottom of the owner's deck.<br>
[Trigger] Activate this card's [Main] effect.",Blue,Event,5,,Dressrosa;Barto Club,,
617104,Special Long-Range Attack!! Bagworm,Special Long Range Attack Bagworm,https://tcgplayer-cdn.tcgplayer.com/product/617104_200w.jpg,68,23766,https://cpt.tcgcsv.com/6SX6,2025-03-21T04:10:14.857,1,0.01,0.15,5.89,0.05,,Normal,UC,OP10-061,"[Main] Draw 1 card. Then, return up to 1 of your opponent's Characters with a cost of 2 or less to the owner's hand.<br>
[Trigger] Return up to 1 Character with a cost of 2 or less to the owner's hand.",Blue,Event,3,,Straw Hat Crew;Dressrosa,,
617105,Violet,Violet,https://tcgplayer-cdn.tcgplayer.com/product/617105_200w.jpg,68,23766,https://cpt.tcgcsv.com/7SX6,2025-03-21T04:10:14.857,1,0.01,0.25,5.0,0.22,,Foil,R,OP10-062,"[Blocker]<br>
[On K.O.] DON!! 1: If your Leader has the ""Donquixote Pirates"" type, add up to 1 purple Event from your trash to your hand.",Purple,Character,3,4000,Donquixote Pirates,1000,Special
617106,Vinsmoke Sanji,Vinsmoke Sanji,https://tcgplayer-cdn.tcgplayer.com/product/617106_200w.jpg,68,23766,https://cpt.tcgcsv.com/8SX6,2025-03-21T04:10:14.857,1,0.03,0.25,10.0,0.21,,Foil,R,OP10-063,"[On Play] If your Leader's type includes ""GERMA"", look at 5 cards from the top of your deck; reveal up to 1 card with a type including ""GERMA"" and add it to your hand. Then, place the rest at the bottom of your deck in any order.",Purple,Character,1,2000,The Vinsmoke Family;Kingdom of GERMA,1000,Strike
617107,Clone Soldier,Clone Soldier,https://tcgplayer-cdn.tcgplayer.com/product/617107_200w.jpg,68,23766,https://cpt.tcgcsv.com/9SX6,2025-03-21T04:10:14.857,1,0.01,0.12,3.0,0.04,,Normal,C,OP10-064,"[Blocker] <em>(After your opponent declares an attack, you may rest this card to make it the new target of the attack.)</em>",Purple,Character,2,2000,The Vinsmoke Family;Kingdom of GERMA,1000,Ranged
617108,Sugar (065),Sugar 065,https://tcgplayer-cdn.tcgplayer.com/product/617108_200w.jpg,68,23766,https://cpt.tcgcsv.com/bSX6,2025-03-21T04:10:14.857,1,0.25,0.78,7.77,0.44,,Foil,R,OP10-065,"[Activate: Main] <strong>You may rest 1 of your DON!! cards and this Character:</strong> Look at 5 cards from the top of your deck; reveal up to 1 ""Donquixote Pirates"" type card and add it to your hand. Then, place the rest at the bottom of your deck in any order.",Purple,Character,1,1000,Donquixote Pirates,1000,Special
617109,Giolla,Giolla,https://tcgplayer-cdn.tcgplayer.com/product/617109_200w.jpg,68,23766,https://cpt.tcgcsv.com/cSX6,2025-03-21T04:10:14.857,1,0.01,0.15,4.88,0.1,,Normal,UC,OP10-066,[On Your Opponent's Attack] [Once Per Turn] <strong>You may rest 2 of your DON!! cards:</strong> Rest up to 1 of your opponent's Characters with a cost of 4 or less.,Purple,Character,2,2000,Donquixote Pirates,2000,Special
617110,Senor Pink,Senor Pink,https://tcgplayer-cdn.tcgplayer.com/product/617110_200w.jpg,68,23766,https://cpt.tcgcsv.com/dSX6,2025-03-21T04:10:14.857,1,0.1,0.4,25.0,0.31,,Foil,R,OP10-067,"[On Play] <strong>DON!! 1 <em>(You may return the specified number of DON!! cards from your field to your DON!! deck.)</em>:</strong> Add up to 1 purple Event with a cost of 5 or less from your trash to your hand. Then, set up to 1 of your DON!! cards as active.",Purple,Character,5,6000,Donquixote Pirates,,Special
617111,Senor Pink (Parallel),Senor Pink Parallel,https://tcgplayer-cdn.tcgplayer.com/product/617111_200w.jpg,68,23766,https://cpt.tcgcsv.com/fSX6,2025-03-21T04:10:14.857,1,9.2,13.95,40.0,10.74,,Foil,R,OP10-067,"[On Play] <strong>DON!! 1 <em>(You may return the specified number of DON!! cards from your field to your DON!! deck.)</em>:</strong> Add up to 1 purple Event with a cost of 5 or less from your trash to your hand. Then, set up to 1 of your DON!! cards as active.",Purple,Character,5,6000,Donquixote Pirates,,Special
617112,Diamante,Diamante,https://tcgplayer-cdn.tcgplayer.com/product/617112_200w.jpg,68,23766,https://cpt.tcgcsv.com/gSX6,2025-03-21T04:10:14.857,1,0.01,0.1,4.88,0.03,,Normal,C,OP10-068,,Purple,Character,5,7000,Donquixote Pirates,1000,Slash
617113,Fighting Fish,Fighting Fish,https://tcgplayer-cdn.tcgplayer.com/product/617113_200w.jpg,68,23766,https://cpt.tcgcsv.com/hSX6,2025-03-21T04:10:14.857,1,0.01,0.1,3.0,0.04,,Normal,C,OP10-069,[DON!! x1] [When Attacking] <strong>DON!! 1 <em>(You may return the specified number of DON!! cards from your field to your DON!! deck.)</em>:</strong> K.O. up to 1 of your opponent's Characters with a cost of 1 or less.,Purple,Character,4,6000,Animal;Dressrosa,,Strike
617114,Trebol,Trebol,https://tcgplayer-cdn.tcgplayer.com/product/617114_200w.jpg,68,23766,https://cpt.tcgcsv.com/jSX6,2025-03-21T04:10:14.857,1,0.01,0.1,20.06,0.03,,Normal,C,OP10-070,"[Blocker] <em>(After your opponent declares an attack, you may rest this card to make it the new target of the attack.)</em><br>
[On Play] All of your Characters with 1000 base power or less cannot be K.O.'d by your opponent's effects until the end of your opponent's next turn.",Purple,Character,4,5000,Donquixote Pirates,1000,Special
617115,Donquixote Doflamingo,Donquixote Doflamingo,https://tcgplayer-cdn.tcgplayer.com/product/617115_200w.jpg,68,23766,https://cpt.tcgcsv.com/kSX6,2025-03-21T04:10:14.857,1,0.5,3.0,14.99,1.42,,Foil,SR,OP10-071,"[On Play] <strong>DON!! 1:</strong> Play up to 1 ""Donquixote Pirates"" type Character card with a cost of 5 or less from your hand.<br>
[On Your Opponent's Attack] [Once Per Turn] <strong>You may rest 1 of your DON!! cards:</strong> Add up to 1 DON!! card from your DON!! deck and set it as active.",Purple,Character,8,9000,Donquixote Pirates;The Seven Warlords of the Sea,,Special
617116,Donquixote Doflamingo (Parallel),Donquixote Doflamingo Parallel,https://tcgplayer-cdn.tcgplayer.com/product/617116_200w.jpg,68,23766,https://cpt.tcgcsv.com/lSX6,2025-03-21T04:10:14.857,1,11.51,16.99,100.0,14.32,,Foil,SR,OP10-071,"[On Play] <strong>DON!! 1:</strong> Play up to 1 ""Donquixote Pirates"" type Character card with a cost of 5 or less from your hand.<br>
[On Your Opponent's Attack] [Once Per Turn] <strong>You may rest 1 of your DON!! cards:</strong> Add up to 1 DON!! card from your DON!! deck and set it as active.",Purple,Character,8,9000,Donquixote Pirates;The Seven Warlords of the Sea,,Special
617117,Donquixote Rosinante,Donquixote Rosinante,https://tcgplayer-cdn.tcgplayer.com/product/617117_200w.jpg,68,23766,https://cpt.tcgcsv.com/mSX6,2025-03-21T04:10:14.857,1,1.0,2.92,50.0,1.44,,Foil,SR,OP10-072,"[On Play] <strong>You may trash 1 Event from your hand:</strong> Draw 2 cards.<br>
[End of Your Turn] If you have 7 or more DON!! cards on your field, set up to 2 of your DON!! cards as active.",Purple,Character,5,6000,Donquixote Pirates;Navy,1000,Special
617118,Donquixote Rosinante (Parallel),Donquixote Rosinante Parallel,https://tcgplayer-cdn.tcgplayer.com/product/617118_200w.jpg,68,23766,https://cpt.tcgcsv.com/nSX6,2025-03-21T04:10:14.857,1,13.0,15.93,50.0,13.83,,Foil,SR,OP10-072,"[On Play] <strong>You may trash 1 Event from your hand:</strong> Draw 2 cards.<br>
[End of Your Turn] If you have 7 or more DON!! cards on your field, set up to 2 of your DON!! cards as active.",Purple,Character,5,6000,Donquixote Pirates;Navy,1000,Special
617119,Buffalo,Buffalo,https://tcgplayer-cdn.tcgplayer.com/product/617119_200w.jpg,68,23766,https://cpt.tcgcsv.com/pSX6,2025-03-21T04:10:14.857,1,0.01,0.11,5.88,0.02,,Normal,C,OP10-073,,Purple,Character,4,6000,Donquixote Pirates,1000,Strike
617120,Pica,Pica,https://tcgplayer-cdn.tcgplayer.com/product/617120_200w.jpg,68,23766,https://cpt.tcgcsv.com/qSX6,2025-03-21T04:10:14.857,1,0.01,0.14,30.0,0.05,,Normal,UC,OP10-074,"[Once Per Turn] If this Character would be K.O.'d by your opponent's effect, you may rest 2 of your active DON!! cards instead.",Purple,Character,4,5000,Donquixote Pirates,1000,Strike
617121,Foxy,Foxy,https://tcgplayer-cdn.tcgplayer.com/product/617121_200w.jpg,68,23766,https://cpt.tcgcsv.com/rSX6,2025-03-21T04:10:14.857,1,0.09,0.25,6.0,0.2,,Normal,UC,OP10-075,"[Activate: Main] <strong>You may trash this Character:</strong> If the number of DON!! cards on your field is equal to or less than the number on your opponent's field, draw 1 card.",Purple,Character,2,1000,Foxy Pirates,2000,Special
617122,Baby 5,Baby 5,https://tcgplayer-cdn.tcgplayer.com/product/617122_200w.jpg,68,23766,https://cpt.tcgcsv.com/sSX6,2025-03-21T04:10:14.857,1,0.02,0.2,6.0,0.18,,Normal,UC,OP10-076,"[On Play] <strong>You may trash 1 card from your hand:</strong> If your Leader has the ""Donquixote Pirates"" type, add up to 1 DON!! card from your DON!! deck and set it as active.",Purple,Character,3,1000,Donquixote Pirates,2000,Special
617123,Bellamy,Bellamy,https://tcgplayer-cdn.tcgplayer.com/product/617123_200w.jpg,68,23766,https://cpt.tcgcsv.com/tSX6,2025-03-21T04:10:14.857,1,0.01,0.12,3.0,0.03,,Normal,C,OP10-077,"[Blocker] <em>(After your opponent declares an attack, you may rest this card to make it the new target of the attack.)</em><br>
[On Block] <strong>You may rest 2 of your DON!! cards:</strong> Add up to 1 DON!! card from your DON!! deck and set it as active.",Purple,Character,3,4000,Donquixote Pirates,1000,Strike
617124,I Do Not Forgive Those Who Laugh at My Family!!!,I Do Not Forgive Those Who Laugh at My Family,https://tcgplayer-cdn.tcgplayer.com/product/617124_200w.jpg,68,23766,https://cpt.tcgcsv.com/vSX6,2025-03-21T04:10:14.857,1,0.1,0.4,20.37,0.26,,Foil,R,OP10-078,"[Main]/[Counter] Look at 3 cards from the top of your deck; reveal up to 1 ""Donquixote Pirates"" type card other than [I Do Not Forgive Those Who Laugh at My Family!!!] and add it to your hand. Then, place the rest at the bottom of your deck in any order.",Purple,Event,1,,Donquixote Pirates;The Seven Warlords of the Sea,,
617125,God Thread,God Thread,https://tcgplayer-cdn.tcgplayer.com/product/617125_200w.jpg,68,23766,https://cpt.tcgcsv.com/wSX6,2025-03-21T04:10:14.857,1,0.02,0.2,5.58,0.11,,Normal,UC,OP10-079,"[Main] K.O. up to 1 of your opponent's Characters with a cost 5 or less. Then, add up to 1 DON!! card from your DON!! deck and set it as active.<br>
[Trigger] Add up to 1 DON!! card from your DON!! deck and set it as active.",Purple,Event,5,,Donquixote Pirates;The Seven Warlords of the Sea,,
617126,Little Black Bears,Little Black Bears,https://tcgplayer-cdn.tcgplayer.com/product/617126_200w.jpg,68,23766,https://cpt.tcgcsv.com/xSX6,2025-03-21T04:10:14.857,1,0.01,0.11,4.88,0.06,,Normal,C,OP10-080,"[Counter] Up to 1 of your Leader or Character cards gains +4000 power during this battle. Then, if you have 7 or more DON!! cards on your field and 5 or less cards in your hand, draw 1 card.<br>
[Trigger] Add up to 1 DON!! card from your DON!! deck and set it as active.",Purple,Event,3,,Donquixote Pirates,,
617127,Usopp (081),Usopp 081,https://tcgplayer-cdn.tcgplayer.com/product/617127_200w.jpg,68,23766,https://cpt.tcgcsv.com/zSX6,2025-03-21T04:10:14.857,1,0.01,0.1,3.0,0.07,,Normal,C,OP10-081,"[On Play] <strong>You may rest 1 of your ""Dressrosa"" type Leader or Stage cards:</strong> K.O. up to 1 of your opponent's Characters with a cost of 2 or less. Then, trash 2 cards from the top of your deck.",Black,Character,4,5000,Straw Hat Crew;Dressrosa,1000,Ranged
617128,Kuzan,Kuzan,https://tcgplayer-cdn.tcgplayer.com/product/617128_200w.jpg,68,23766,https://cpt.tcgcsv.com/BSX6,2025-03-21T04:10:14.857,1,0.89,2.4,25.0,1.2,,Foil,SR,OP10-082,"This Character cannot be removed from the field by your opponent's effects.<br>
[Activate: Main] <strong>You may trash this Character:</strong> Draw 1 card. Then, play up to 1 ""Blackbeard Pirates"" type Character card with a cost of 5 or less other than [Kuzan] from your trash.",Black,Character,5,5000,Blackbeard Pirates;Former Navy,,Special
617129,Kuzan (Parallel),Kuzan Parallel,https://tcgplayer-cdn.tcgplayer.com/product/617129_200w.jpg,68,23766,https://cpt.tcgcsv.com/CSX6,2025-03-21T04:10:14.857,1,12.99,17.5,75.0,15.09,,Foil,SR,OP10-082,"This Character cannot be removed from the field by your opponent's effects.<br>
[Activate: Main] <strong>You may trash this Character:</strong> Draw 1 card. Then, play up to 1 ""Blackbeard Pirates"" type Character card with a cost of 5 or less other than [Kuzan] from your trash.",Black,Character,5,5000,Blackbeard Pirates;Former Navy,,Special
617130,Kouzuki Momonosuke (083),Kouzuki Momonosuke 083,https://tcgplayer-cdn.tcgplayer.com/product/617130_200w.jpg,68,23766,https://cpt.tcgcsv.com/DSX6,2025-03-21T04:10:14.857,1,0.01,0.15,3.0,0.05,,Normal,UC,OP10-083,"[Activate: Main] <strong>You may rest this Character and 1 of your ""Dressrosa"" type Leader or Stage cards:</strong> Give up to 1 of your opponent's Characters -2 cost during this turn.",Black,Character,2,,Land of Wano;Kouzuki Clan;Dressrosa,2000,Slash
617131,Sanjuan.Wolf,SanjuanWolf,https://tcgplayer-cdn.tcgplayer.com/product/617131_200w.jpg,68,23766,https://cpt.tcgcsv.com/FSX6,2025-03-21T04:10:14.857,1,0.01,0.1,3.0,0.05,,Normal,C,OP10-084,,Black,Character,5,7000,Blackbeard Pirates;Giant,1000,Special
617132,Jesus Burgess,Jesus Burgess,https://tcgplayer-cdn.tcgplayer.com/product/617132_200w.jpg,68,23766,https://cpt.tcgcsv.com/GSX6,2025-03-21T04:10:14.857,1,0.01,0.15,3.0,0.08,,Normal,UC,OP10-085,"[DON!! x1] If you have 8 or more cards in your trash, this Character gains [Rush].",Black,Character,5,6000,Blackbeard Pirates;Dressrosa,,Strike
617133,Shiryu,Shiryu,https://tcgplayer-cdn.tcgplayer.com/product/617133_200w.jpg,68,23766,https://cpt.tcgcsv.com/HSX6,2025-03-21T04:10:14.857,1,0.06,0.25,5.0,0.16,,Foil,R,OP10-086,"[Opponent's Turn] This Character gains +2000 power.<br>
[Activate: Main] [Once Per Turn] If your Leader has the ""Blackbeard Pirates"" type, and this Character was played on this turn, K.O. up to 1 of your opponent's Characters with a base cost of 3 or less.",Black,Character,4,5000,Blackbeard Pirates,1000,Slash
617134,Tony Tony.Chopper (087),Tony TonyChopper 087,https://tcgplayer-cdn.tcgplayer.com/product/617134_200w.jpg,68,23766,https://cpt.tcgcsv.com/JSX6,2025-03-21T04:10:14.857,1,0.01,0.17,3.0,0.15,,Normal,UC,OP10-087,"[Activate: Main] <strong>You may rest this Character and 1 of your ""Dressrosa"" type Leader or Stage cards:</strong> If your opponent has 5 or more cards in their hand, your opponent trashes 1 card from their hand. Then, trash 2 cards from the top of your deck.",Black,Character,2,,Animal;Straw Hat Crew;Dressrosa,1000,Strike
617135,Nami (088),Nami 088,https://tcgplayer-cdn.tcgplayer.com/product/617135_200w.jpg,68,23766,https://cpt.tcgcsv.com/KSX6,2025-03-21T04:10:14.857,1,0.01,0.15,9.99,0.13,,Normal,UC,OP10-088,"[Activate: Main] <strong>You may rest this Character and 1 of your ""Dressrosa"" type Leader or Stage cards:</strong> Draw 1 card. Then, trash 2 cards from the top of your deck.",Black,Character,2,,Straw Hat Crew;Dressrosa,1000,Special
617136,Nico Robin,Nico Robin,https://tcgplayer-cdn.tcgplayer.com/product/617136_200w.jpg,68,23766,https://cpt.tcgcsv.com/LSX6,2025-03-21T04:10:14.857,1,0.01,0.14,20.09,0.09,,Normal,C,OP10-089,,Black,Character,6,8000,Straw Hat Crew;Dressrosa,1000,Strike
617137,Franky (090),Franky 090,https://tcgplayer-cdn.tcgplayer.com/product/617137_200w.jpg,68,23766,https://cpt.tcgcsv.com/MSX6,2025-03-21T04:10:14.857,1,0.05,0.25,5.87,0.19,,Foil,R,OP10-090,"[Blocker]<br>
[On K.O.] Play up to 1 ""Dressrosa"" type Character card with a cost of 3 or less from your trash rested.",Black,Character,4,5000,Straw Hat Crew;Dressrosa,1000,Strike
617138,Franky (090) (Parallel),Franky 090 Parallel,https://tcgplayer-cdn.tcgplayer.com/product/617138_200w.jpg,68,23766,https://cpt.tcgcsv.com/NSX6,2025-03-21T04:10:14.857,1,3.49,5.0,48.0,4.28,,Foil,R,OP10-090,"[Blocker]<br>
[On K.O.] Play up to 1 ""Dressrosa"" type Character card with a cost of 3 or less from your trash rested.",Black,Character,4,5000,Straw Hat Crew;Dressrosa,1000,Strike
617139,Brook (091),Brook 091,https://tcgplayer-cdn.tcgplayer.com/product/617139_200w.jpg,68,23766,https://cpt.tcgcsv.com/PSX6,2025-03-21T04:10:14.857,1,0.01,0.11,3.0,0.08,,Normal,C,OP10-091,"[Activate: Main] <strong>You may rest this Character and 1 of your ""Dressrosa"" type Leader or Stage cards:</strong> K.O. up to 1 of your opponent's Characters with a cost of 1 or less. Then, trash 2 cards from the top of your deck.",Black,Character,3,,Straw Hat Crew;Dressrosa,1000,Slash
617140,Perona (092),Perona 092,https://tcgplayer-cdn.tcgplayer.com/product/617140_200w.jpg,68,23766,https://cpt.tcgcsv.com/QSX6,2025-03-21T04:10:14.857,1,0.01,0.15,3.0,0.11,,Normal,C,OP10-092,"[Activate: Main] [Once Per Turn] <strong>You may place 2 ""Thriller Bark Pirates"" type cards from your trash at the bottom of your deck in any order:</strong> Up to 1 of your Characters other than [Perona] gains +2000 power during this turn.",Black,Character,4,5000,Thriller Bark Pirates,1000,Special
617141,Saint Homing,Saint Homing,https://tcgplayer-cdn.tcgplayer.com/product/617141_200w.jpg,68,23766,https://cpt.tcgcsv.com/RSX6,2025-03-21T04:10:14.857,1,0.01,0.1,3.0,0.04,,Normal,C,OP10-093,[Activate: Main] <strong>You may trash this Character:</strong> Up to 1 of your black Characters gains +3 cost until the end of your opponent's next turn.,Black,Character,1,,Celestial Dragons,1000,Wisdom
617142,Ryuma,Ryuma,https://tcgplayer-cdn.tcgplayer.com/product/617142_200w.jpg,68,23766,https://cpt.tcgcsv.com/SSX6,2025-03-21T04:10:14.857,1,0.05,0.2,3.0,0.15,,Normal,UC,OP10-094,[DON!! x1] This Character gains [Double Attack].,Black,Character,4,6000,Land of Wano;Thriller Bark Pirates,,Slash
617143,Roronoa Zoro (095),Roronoa Zoro 095,https://tcgplayer-cdn.tcgplayer.com/product/617143_200w.jpg,68,23766,https://cpt.tcgcsv.com/TSX6,2025-03-21T04:10:14.857,1,0.01,0.23,5.0,0.2,,Foil,R,OP10-095,"[On Play] <strong>You may rest 1 of your ""Dressrosa"" type Leader or Stage cards:</strong> K.O. up to 1 of your opponent's Characters with a cost of 4 or less. Then, trash 2 cards from the top of your deck.",Black,Character,4,6000,Straw Hat Crew;Supernovas;Dressrosa,,Slash
617144,There's No Longer Any Need for the Seven Warlords of the Sea!!!,Theres No Longer Any Need for the Seven Warlords of the Sea,https://tcgplayer-cdn.tcgplayer.com/product/617144_200w.jpg,68,23766,https://cpt.tcgcsv.com/VSX6,2025-03-21T04:10:14.857,1,0.01,0.15,3.0,0.07,,Normal,UC,OP10-096,"[Main] K.O. up to 1 of your opponent's ""The Seven Warlords of the Sea"" type Characters with a cost of 8 or less.<br>
[Trigger] K.O. up to 1 of your opponent's ""The Seven Warlords of the Sea"" type Characters with a cost of 4 or less.",Black,Event,4,,Navy,,
617145,Gum-Gum Rhino Schneider,Gum Gum Rhino Schneider,https://tcgplayer-cdn.tcgplayer.com/product/617145_200w.jpg,68,23766,https://cpt.tcgcsv.com/WSX6,2025-03-21T04:10:14.857,1,0.01,0.12,3.0,0.09,,Normal,C,OP10-097,"[Main] Up to 1 of your ""Dressrosa"" type Characters gains +2000 power during this turn. Then, if you have 10 or more cards in your trash, that card gains [Banish] during this turn.<br>
[Trigger] Draw 2 cards and trash 1 card from your hand.",Black,Event,1,,Straw Hat Crew;Supernovas;Dressrosa,,
617146,Liberation,Liberation,https://tcgplayer-cdn.tcgplayer.com/product/617146_200w.jpg,68,23766,https://cpt.tcgcsv.com/XSX6,2025-03-21T04:10:14.857,1,0.01,0.25,5.0,0.21,,Foil,R,OP10-098,"[Main] If the number of your Characters is at least 2 less than the number of your opponent's Characters, K.O. up to 1 of your opponent's Characters with a base cost of 6 or less and up to 1 of your opponent's Characters with a base cost of 4 or less.<br>
[Trigger] Negate the effect of up to 1 of each of your opponent's Leader and Character cards during this turn.",Black,Event,6,,Blackbeard Pirates,,
617147,"Eustass""Captain""Kid (099)",EustassCaptainKid 099,https://tcgplayer-cdn.tcgplayer.com/product/617147_200w.jpg,68,23766,https://cpt.tcgcsv.com/ZSX6,2025-03-21T04:10:14.857,1,0.01,0.18,999.0,0.12,,Normal,L,OP10-099,"[End of Your Turn] <strong>You may turn 1 card from the top of your Life cards face-up:</strong> Set up to 1 of your ""Supernovas"" type Characters with a cost of 3 to 8 as active. That Character gains [Blocker] until the end of your opponent's next turn.",Yellow,Leader,,5000,Kid Pirates;Supernovas,,Special
617148,"Eustass""Captain""Kid (099) (Parallel)",EustassCaptainKid 099 Parallel,https://tcgplayer-cdn.tcgplayer.com/product/617148_200w.jpg,68,23766,https://cpt.tcgcsv.com/-SX6,2025-03-21T04:10:14.857,1,39.37,49.22,149.99,39.54,,Foil,L,OP10-099,"[End of Your Turn] <strong>You may turn 1 card from the top of your Life cards face-up:</strong> Set up to 1 of your ""Supernovas"" type Characters with a cost of 3 to 8 as active. That Character gains [Blocker] until the end of your opponent's next turn.",Yellow,Leader,,5000,Kid Pirates;Supernovas,,Special
617149,Inazuma,Inazuma,https://tcgplayer-cdn.tcgplayer.com/product/617149_200w.jpg,68,23766,https://cpt.tcgcsv.com/_SX6,2025-03-21T04:10:14.857,1,0.01,0.1,3.0,0.07,,Normal,C,OP10-100,"[DON!! x1] [When Attacking] Rest up to 1 of your opponent's Characters with a cost equal to or less than the total of your and your opponent's Life cards.<br>
[Trigger] If your Leader has the ""Revolutionary Army"" type and you and your opponent have a total of 5 or less Life cards, play this card.",Yellow,Character,4,5000,Revolutionary Army,1000,Slash
617150,Urouge,Urouge,https://tcgplayer-cdn.tcgplayer.com/product/617150_200w.jpg,68,23766,https://cpt.tcgcsv.com/0TX6,2025-03-21T04:10:14.857,1,0.01,0.1,3.0,0.04,,Normal,C,OP10-101,,Yellow,Character,5,7000,Fallen Monk Pirates;Supernovas,1000,Strike
617151,Emporio.Ivankov,EmporioIvankov,https://tcgplayer-cdn.tcgplayer.com/product/617151_200w.jpg,68,23766,https://cpt.tcgcsv.com/2TX6,2025-03-21T04:10:14.857,1,0.01,0.12,3.0,0.05,,Normal,C,OP10-102,"[Activate: Main] [Once Per Turn] Up to 3 of your ""Revolutionary Army"" type Characters gain +1000 power during this turn. Then, add 1 card from the top of your Life cards to your hand.",Yellow,Character,5,6000,Revolutionary Army,1000,Special
617152,"Capone""Gang""Bege",CaponeGangBege,https://tcgplayer-cdn.tcgplayer.com/product/617152_200w.jpg,68,23766,https://cpt.tcgcsv.com/3TX6,2025-03-21T04:10:14.857,1,0.01,0.2,5.0,0.13,,Foil,R,OP10-103,"[On Play] <strong>You may add 1 card from the top or bottom of your Life cards to your hand:</strong> Add up to 1 ""Supernovas"" type Character card from your hand to the top of your Life cards face-up.",Yellow,Character,1,,Firetank Pirates;Supernovas,2000,Ranged
617153,Caribou,Caribou,https://tcgplayer-cdn.tcgplayer.com/product/617153_200w.jpg,68,23766,https://cpt.tcgcsv.com/5TX6,2025-03-21T04:10:14.857,1,0.01,0.15,3.0,0.07,,Normal,UC,OP10-104,"[DON!! x1] If your Leader has the ""Supernovas"" type and your opponent has 3 or more Life cards, this Character cannot be K.O.'d in battle.",Yellow,Character,4,5000,Caribou Pirates;Supernovas,1000,Special
617154,Cavendish (105),Cavendish 105,https://tcgplayer-cdn.tcgplayer.com/product/617154_200w.jpg,68,23766,https://cpt.tcgcsv.com/6TX6,2025-03-21T04:10:14.857,1,0.01,0.11,3.0,0.05,,Normal,C,OP10-105,,Yellow,Character,6,8000,Beautiful Pirates;Supernovas;Dressrosa,1000,Slash
617155,Killer,Killer,https://tcgplayer-cdn.tcgplayer.com/product/617155_200w.jpg,68,23766,https://cpt.tcgcsv.com/7TX6,2025-03-21T04:10:14.857,1,0.01,0.15,20.07,0.09,,Normal,UC,OP10-106,"[On K.O.] If your Leader has the ""Supernovas"" type, look at 3 cards from the top of your deck; reveal up to 1 ""Supernovas"" or ""Kid Pirates"" type card and add it to your hand. Then, place the rest at the bottom of your deck in any order.",Yellow,Character,3,5000,Kid Pirates;Supernovas,,Slash
617156,Jewelry Bonney,Jewelry Bonney,https://tcgplayer-cdn.tcgplayer.com/product/617156_200w.jpg,68,23766,https://cpt.tcgcsv.com/8TX6,2025-03-21T04:10:14.857,1,0.01,0.19,3.0,0.14,,Normal,UC,OP10-107,"[Blocker]<br>
[On Play] <strong>You may add 1 card from the top or bottom of your Life cards to your hand:</strong> Add up to 1 ""Supernovas"" type Character card with a cost of 5 from your hand to the top of your Life cards face-up.",Yellow,Character,3,4000,Bonney Pirates;Supernovas,1000,Special
617157,Scratchmen Apoo,Scratchmen Apoo,https://tcgplayer-cdn.tcgplayer.com/product/617157_200w.jpg,68,23766,https://cpt.tcgcsv.com/9TX6,2025-03-21T04:10:14.857,1,0.01,0.13,3.0,0.08,,Normal,C,OP10-108,"If you have a yellow ""Supernovas"" type Character other than [Scratchmen Apoo], this Character gains [Blocker].",Yellow,Character,1,1000,On-Air Pirates;Supernovas,1000,Ranged
617158,Basil Hawkins,Basil Hawkins,https://tcgplayer-cdn.tcgplayer.com/product/617158_200w.jpg,68,23766,https://cpt.tcgcsv.com/bTX6,2025-03-21T04:10:14.857,1,0.05,0.4,5.0,0.29,,Foil,R,OP10-109,"[On K.O.] Trash up to 1 card from the top of your opponent's Life cards.<br>
[Trigger] Draw 2 cards and trash 1 card from your hand.",Yellow,Character,4,5000,Hawkins Pirates;Supernovas,1000,Slash
617159,Heat & Wire,Heat and Wire,https://tcgplayer-cdn.tcgplayer.com/product/617159_200w.jpg,68,23766,https://cpt.tcgcsv.com/cTX6,2025-03-21T04:10:14.857,1,0.01,0.1,3.0,0.06,,Normal,C,OP10-110,"[On Play] Rest up to 1 of your opponent's Characters with a cost equal to or less than the number of your opponent's Life cards.<br>
[Trigger] If you have 2 or less Life cards, play this card.",Yellow,Character,3,4000,Kid Pirates,1000,Slash;Special
617160,Monkey.D.Luffy (111),MonkeyDLuffy 111,https://tcgplayer-cdn.tcgplayer.com/product/617160_200w.jpg,68,23766,https://cpt.tcgcsv.com/dTX6,2025-03-21T04:10:14.857,1,0.19,0.45,50.0,0.39,,Foil,R,OP10-111,"[On Play] Look at 5 cards from the top of your deck; reveal up to 1 ""Supernovas"" type card other than [Monkey.D.Luffy] and add it to your hand. Then, place the rest at the bottom of your deck in any order.",Yellow,Character,1,2000,Straw Hat Crew;Supernovas,1000,Strike
617161,Monkey.D.Luffy (111) (Parallel),MonkeyDLuffy 111 Parallel,https://tcgplayer-cdn.tcgplayer.com/product/617161_200w.jpg,68,23766,https://cpt.tcgcsv.com/fTX6,2025-03-21T04:10:14.857,1,15.55,21.99,99.99,19.2,,Foil,R,OP10-111,"[On Play] Look at 5 cards from the top of your deck; reveal up to 1 ""Supernovas"" type card other than [Monkey.D.Luffy] and add it to your hand. Then, place the rest at the bottom of your deck in any order.",Yellow,Character,1,2000,Straw Hat Crew;Supernovas,1000,Strike
617162,"Eustass""Captain""Kid (112)",EustassCaptainKid 112,https://tcgplayer-cdn.tcgplayer.com/product/617162_200w.jpg,68,23766,https://cpt.tcgcsv.com/gTX6,2025-03-21T04:10:14.857,1,0.49,1.26,50.0,0.92,,Foil,SR,OP10-112,"[On Play] <strong>You may rest this Character:</strong> Trash up to 1 card from the top of your opponent's Life cards.<br>
[End of Your Turn] If your opponent has 2 or less Life cards, draw 1 card and trash 1 card from your hand.",Yellow,Character,8,9000,Kid Pirates;Supernovas,,Special
617163,"Eustass""Captain""Kid (112) (Parallel)",EustassCaptainKid 112 Parallel,https://tcgplayer-cdn.tcgplayer.com/product/617163_200w.jpg,68,23766,https://cpt.tcgcsv.com/hTX6,2025-03-21T04:10:14.857,1,17.98,21.04,75.0,20.04,,Foil,SR,OP10-112,"[On Play] <strong>You may rest this Character:</strong> Trash up to 1 card from the top of your opponent's Life cards.<br>
[End of Your Turn] If your opponent has 2 or less Life cards, draw 1 card and trash 1 card from your hand.",Yellow,Character,8,9000,Kid Pirates;Supernovas,,Special
617164,Roronoa Zoro (113),Roronoa Zoro 113,https://tcgplayer-cdn.tcgplayer.com/product/617164_200w.jpg,68,23766,https://cpt.tcgcsv.com/jTX6,2025-03-21T04:10:14.857,1,0.01,0.19,3.0,0.17,,Normal,UC,OP10-113,"If you have less Life cards than your opponent, this Character gains [Rush].<br>
[Trigger] You may trash 1 card from your hand: If your Leader has the ""Supernovas"" type, play this card.",Yellow,Character,3,5000,Straw Hat Crew;Supernovas,,Slash
617165,X.Drake,XDrake,https://tcgplayer-cdn.tcgplayer.com/product/617165_200w.jpg,68,23766,https://cpt.tcgcsv.com/kTX6,2025-03-21T04:10:14.857,1,0.01,0.2,3.0,0.14,,Normal,UC,OP10-114,"[Activate: Main] <strong>You may rest this Character:</strong> If the number of your Life cards is equal to or less than the number of your opponent's Life cards, rest up to 1 of your opponent's Characters with a cost of 4 or less.",Yellow,Character,3,3000,Drake Pirates;Navy;Supernovas,2000,Slash
617166,Let's Meet Again in the New World,Lets Meet Again in the New World,https://tcgplayer-cdn.tcgplayer.com/product/617166_200w.jpg,68,23766,https://cpt.tcgcsv.com/lTX6,2025-03-21T04:10:14.857,1,0.01,0.13,3.0,0.1,,Normal,C,OP10-115,"[Counter] Up to 1 of your Leader or Character cards gains +4000 power during this battle. Then, if you have 0 Life cards, draw 1 card.<br>
[Trigger] K.O. up to 1 of your opponent's Characters with a cost equal to or less than the number of your opponent's Life cards.",Yellow,Event,2,,Kid Pirates;Supernovas,,
617167,Damned Punk,Damned Punk,https://tcgplayer-cdn.tcgplayer.com/product/617167_200w.jpg,68,23766,https://cpt.tcgcsv.com/mTX6,2025-03-21T04:10:14.857,1,0.01,0.22,5.0,0.15,,Foil,R,OP10-116,"[Main] Look at up to 1 card from the top of your or your opponent's Life cards and place it at the top or bottom of the Life cards. Then, K.O. up to 1 of your opponent's Characters with a cost of 5 or less.<br>
[Trigger] Draw 2 cards and trash 1 card from your hand.",Yellow,Event,4,,Kid Pirates;Supernovas,,
617168,ROOM,ROOM,https://tcgplayer-cdn.tcgplayer.com/product/617168_200w.jpg,68,23766,https://cpt.tcgcsv.com/nTX6,2025-03-21T04:10:14.857,1,0.01,0.15,3.0,0.14,,Normal,UC,OP10-117,"[Counter] If you have 1 or less Life cards, up to 1 of your Leader or Character cards gains +3000 power during this battle. Then, set up to 1 of your Characters with a cost of 5 or less as active.<br>
[Trigger] Draw 1 card.",Yellow,Event,1,,Heart Pirates;Supernovas,,
617169,Monkey.D.Luffy (118),MonkeyDLuffy 118,https://tcgplayer-cdn.tcgplayer.com/product/617169_200w.jpg,68,23766,https://cpt.tcgcsv.com/pTX6,2025-03-21T04:10:14.857,1,4.0,8.25,50.0,6.51,,Foil,SEC,OP10-118,"Once per turn, this Character cannot be K.O.'d by your opponent's effects.<br>
[When Attacking] <strong>You may place 3 cards from your trash at the bottom of your deck in any order:</strong> If your opponent has 5 or more cards in their hand, your opponent trashes 1 card from their hand.",Black,Character,6,7000,Straw Hat Crew;Supernovas;Dressrosa,1000,Strike
617170,Monkey.D.Luffy (118) (Parallel),MonkeyDLuffy 118 Parallel,https://tcgplayer-cdn.tcgplayer.com/product/617170_200w.jpg,68,23766,https://cpt.tcgcsv.com/qTX6,2025-03-21T04:10:14.857,1,64.1,72.24,1000.0,67.46,,Foil,SEC,OP10-118,"Once per turn, this Character cannot be K.O.'d by your opponent's effects.<br>
[When Attacking] <strong>You may place 3 cards from your trash at the bottom of your deck in any order:</strong> If your opponent has 5 or more cards in their hand, your opponent trashes 1 card from their hand.",Black,Character,6,7000,Straw Hat Crew;Supernovas;Dressrosa,1000,Strike
617171,Trafalgar Law (119),Trafalgar Law 119,https://tcgplayer-cdn.tcgplayer.com/product/617171_200w.jpg,68,23766,https://cpt.tcgcsv.com/rTX6,2025-03-21T04:10:14.857,1,4.1,8.0,50.0,6.96,,Foil,SEC,OP10-119,"[On Play] Reveal up to 1 ""Supernovas"" type Character card from your hand and add it to the top of your Life cards face-down. Then, give up to 1 rested DON!! card to 1 of your ""Supernovas"" type Leader.",Yellow,Character,7,9000,Heart Pirates;Supernovas;Dressrosa,,Slash
617172,Trafalgar Law (119) (Parallel),Trafalgar Law 119 Parallel,https://tcgplayer-cdn.tcgplayer.com/product/617172_200w.jpg,68,23766,https://cpt.tcgcsv.com/sTX6,2025-03-21T04:10:14.857,1,33.0,38.5,99.99,36.3,,Foil,SEC,OP10-119,"[On Play] Reveal up to 1 ""Supernovas"" type Character card from your hand and add it to the top of your Life cards face-down. Then, give up to 1 rested DON!! card to 1 of your ""Supernovas"" type Leader.",Yellow,Character,7,9000,Heart Pirates;Supernovas;Dressrosa,,Slash
617173,Trafalgar Law (119) (Manga),Trafalgar Law 119 Manga,https://tcgplayer-cdn.tcgplayer.com/product/617173_200w.jpg,68,23766,https://cpt.tcgcsv.com/tTX6,2025-03-21T04:10:14.857,1,700.0,775.0,3995.65,716.5,,Foil,SEC,OP10-119,"[On Play] Reveal up to 1 ""Supernovas"" type Character card from your hand and add it to the top of your Life cards face-down. Then, give up to 1 rested DON!! card to 1 of your ""Supernovas"" type Leader.",Yellow,Character,7,9000,Heart Pirates;Supernovas;Dressrosa,,Slash
617174,Charlotte Pudding (SP),Charlotte Pudding SP,https://tcgplayer-cdn.tcgplayer.com/product/617174_200w.jpg,68,23766,https://cpt.tcgcsv.com/vTX6,2025-03-21T04:10:14.857,1,60.0,73.0,140.0,60.08,,Foil,C,ST12-012,[Activate: Main] Return this Character to the owner's hand.,Blue,Character,2,2000,Big Mom Pirates,2000,Wisdom
617175,Sanji (SP),Sanji SP,https://tcgplayer-cdn.tcgplayer.com/product/617175_200w.jpg,68,23766,https://cpt.tcgcsv.com/wTX6,2025-03-21T04:10:14.857,1,135.0,157.5,249.99,137.89,,Foil,SR,ST14-003,"[On Play] If you have a Character with a cost of 6 or more, K.O. up to 1 of your opponent's Characters with a cost of 5 or less.",Black,Character,5,6000,Straw Hat Crew,,Strike
617176,Edward.Newgate (SP),EdwardNewgate SP,https://tcgplayer-cdn.tcgplayer.com/product/617176_200w.jpg,68,23766,https://cpt.tcgcsv.com/xTX6,2025-03-21T04:10:14.857,1,239.0,368.68,599.99,242.57,,Foil,SR,ST15-002,"[On Play] Give up to 1 rested DON!! card to your Leader or 1 of your Characters.<br>
[Activate: Main] <strong>You may rest this Character:</strong> K.O. up to 1 of your opponent's Characters with 5000 power or less.",Red,Character,7,8000,The Four Emperors;Whitebeard Pirates,,Special
617177,Uso-Hachi (SP),Uso Hachi SP,https://tcgplayer-cdn.tcgplayer.com/product/617177_200w.jpg,68,23766,https://cpt.tcgcsv.com/zTX6,2025-03-21T04:10:14.857,1,107.0,122.11,245.0,118.14,,Foil,C,ST18-001,"[On Play] If you have 8 or more DON!! cards on your field, rest up to 1 of your opponent's Characters with a cost of 5 or less.",Purple,Character,3,3000,Straw Hat Crew,2000,Ranged
620135,Portgas.D.Ace (TR),PortgasDAce TR,https://tcgplayer-cdn.tcgplayer.com/product/620135_200w.jpg,68,23766,https://cpt.tcgcsv.com/K3-6,2025-03-21T04:10:14.857,1,98.0,140.0,400.0,142.69,,Foil,TR,OP08-052,"[On Play] Reveal 1 card from the top of your deck and play up to 1 Character card with a type including ""Whitebeard Pirates"" and a cost of 4 or less. Then, place the rest at the top or bottom of your deck.",Blue,Character,5,6000,Whitebeard Pirates,1000,Special
624357,DON!! Card (Alternate Art),DON Card Alternate Art,https://tcgplayer-cdn.tcgplayer.com/product/624357_200w.jpg,68,23766,https://cpt.tcgcsv.com/9M_6,2025-09-18T15:53:07.273,1,0.25,0.58,5.0,0.55,,Foil,DON!!,,Your Turn +1000,,DON!!,,,,,
624357,DON!! Card (Alternate Art),DON Card Alternate Art,https://tcgplayer-cdn.tcgplayer.com/product/624357_200w.jpg,68,23766,https://cpt.tcgcsv.com/9M_6,2025-09-18T15:53:07.273,1,0.1,0.5,82.0,0.45,,Normal,DON!!,,Your Turn +1000,,DON!!,,,,,
624523,Royal Blood - Sleeved Booster Pack,Royal Blood Sleeved Booster Pack,https://tcgplayer-cdn.tcgplayer.com/product/624523_200w.jpg,68,23766,https://cpt.tcgcsv.com/tQ_6,2025-08-22T13:18:10.35,1,8.0,11.0,100.0,9.87,,Normal,,,,,,,,,,
